Instituição;Cod.IBGE;UF;População;Coluna;Conta;Identificador da Conta;Valor;ano
Prefeitura Municipal de Ferraz de Vasconcelos - SP;3515707;SP;198661;Despesas Empenhadas;Despesas Exceto Intraorçamentárias;siconfi-cor_TotalDespesas;600526773,49;2023
Prefeitura Municipal de Ferraz de Vasconcelos - SP;3515707;SP;198661;Despesas Empenhadas;01 - Legislativa;siconfi-cor_TotalDespesas;17586632,82;2023
Prefeitura Municipal de Ferraz de Vasconcelos - SP;3515707;SP;198661;Despesas Empenhadas;01.031 - Ação Legislativa;siconfi-cor_TotalDespesas;17586632,82;2023
Prefeitura Municipal de Ferraz de Vasconcelos - SP;3515707;SP;198661;Despesas Empenhadas;03 - Essencial à Justiça;siconfi-cor_TotalDespesas;5434961,75;2023
Prefeitura Municipal de Ferraz de Vasconcelos - SP;3515707;SP;198661;Despesas Empenhadas;03.122 - Administração Geral;siconfi-cor_TotalDespesas;4741064,7;2023
Prefeitura Municipal de Ferraz de Vasconcelos - SP;3515707;SP;198661;Despesas Empenhadas;FU03 - Demais Subfunções;siconfi-cor_TotalDespesas;693897,05;2023
Prefeitura Municipal de Ferraz de Vasconcelos - SP;3515707;SP;198661;Despesas Empenhadas;04 - Administração;siconfi-cor_TotalDespesas;110941623,96;2023
Prefeitura Municipal de Ferraz de Vasconcelos - SP;3515707;SP;198661;Despesas Empenhadas;04.122 - Administração Geral;siconfi-cor_TotalDespesas;66723331,88;2023
Prefeitura Municipal de Ferraz de Vasconcelos - SP;3515707;SP;198661;Despesas Empenhadas;04.123 - Administração Financeira;siconfi-cor_TotalDespesas;33404881,2;2023
Prefeitura Municipal de Ferraz de Vasconcelos - SP;3515707;SP;198661;Despesas Empenhadas;04.131 - Comunicação Social;siconfi-cor_TotalDespesas;1803846,95;2023
Prefeitura Municipal de Ferraz de Vasconcelos - SP;3515707;SP;198661;Despesas Empenhadas;FU04 - Demais Subfunções;siconfi-cor_TotalDespesas;9009563,93;2023
Prefeitura Municipal de Ferraz de Vasconcelos - SP;3515707;SP;198661;Despesas Empenhadas;06 - Segurança Pública;siconfi-cor_TotalDespesas;17220300,79;2023
Prefeitura Municipal de Ferraz de Vasconcelos - SP;3515707;SP;198661;Despesas Empenhadas;06.122 - Administração Geral;siconfi-cor_TotalDespesas;17066063,39;2023
Prefeitura Municipal de Ferraz de Vasconcelos - SP;3515707;SP;198661;Despesas Empenhadas;FU06 - Demais Subfunções;siconfi-cor_TotalDespesas;154237,4;2023
Prefeitura Municipal de Ferraz de Vasconcelos - SP;3515707;SP;198661;Despesas Empenhadas;08 - Assistência Social;siconfi-cor_TotalDespesas;15502266,17;2023
Prefeitura Municipal de Ferraz de Vasconcelos - SP;3515707;SP;198661;Despesas Empenhadas;08.244 - Assistência Comunitária;siconfi-cor_TotalDespesas;8975211,71;2023
Prefeitura Municipal de Ferraz de Vasconcelos - SP;3515707;SP;198661;Despesas Empenhadas;08.122 - Administração Geral;siconfi-cor_TotalDespesas;6523970,63;2023
Prefeitura Municipal de Ferraz de Vasconcelos - SP;3515707;SP;198661;Despesas Empenhadas;FU08 - Demais Subfunções;siconfi-cor_TotalDespesas;3083,83;2023
Prefeitura Municipal de Ferraz de Vasconcelos - SP;3515707;SP;198661;Despesas Empenhadas;10 - Saúde;siconfi-cor_TotalDespesas;99449938,14;2023
Prefeitura Municipal de Ferraz de Vasconcelos - SP;3515707;SP;198661;Despesas Empenhadas;10.301 - Atenção Básica;siconfi-cor_TotalDespesas;36702543,59;2023
Prefeitura Municipal de Ferraz de Vasconcelos - SP;3515707;SP;198661;Despesas Empenhadas;10.302 - Assistência Hospitalar e Ambulatorial;siconfi-cor_TotalDespesas;11334747,69;2023
Prefeitura Municipal de Ferraz de Vasconcelos - SP;3515707;SP;198661;Despesas Empenhadas;10.303 - Suporte Profilático e Terapêutico;siconfi-cor_TotalDespesas;6672822,55;2023
Prefeitura Municipal de Ferraz de Vasconcelos - SP;3515707;SP;198661;Despesas Empenhadas;10.304 - Vigilância Sanitária;siconfi-cor_TotalDespesas;330964,28;2023
Prefeitura Municipal de Ferraz de Vasconcelos - SP;3515707;SP;198661;Despesas Empenhadas;10.122 - Administração Geral;siconfi-cor_TotalDespesas;44408860,03;2023
Prefeitura Municipal de Ferraz de Vasconcelos - SP;3515707;SP;198661;Despesas Empenhadas;12 - Educação;siconfi-cor_TotalDespesas;198891646,18;2023
Prefeitura Municipal de Ferraz de Vasconcelos - SP;3515707;SP;198661;Despesas Empenhadas;12.361 - Ensino Fundamental;siconfi-cor_TotalDespesas;142225120,73;2023
Prefeitura Municipal de Ferraz de Vasconcelos - SP;3515707;SP;198661;Despesas Empenhadas;12.365 - Educação Infantil;siconfi-cor_TotalDespesas;21020221,13;2023
Prefeitura Municipal de Ferraz de Vasconcelos - SP;3515707;SP;198661;Despesas Empenhadas;12.368 - Educação Básica;siconfi-cor_TotalDespesas;2682677,26;2023
Prefeitura Municipal de Ferraz de Vasconcelos - SP;3515707;SP;198661;Despesas Empenhadas;12.122 - Administração Geral;siconfi-cor_TotalDespesas;16489356,83;2023
Prefeitura Municipal de Ferraz de Vasconcelos - SP;3515707;SP;198661;Despesas Empenhadas;FU12 - Demais Subfunções;siconfi-cor_TotalDespesas;16474270,23;2023
Prefeitura Municipal de Ferraz de Vasconcelos - SP;3515707;SP;198661;Despesas Empenhadas;13 - Cultura;siconfi-cor_TotalDespesas;7420678,53;2023
Prefeitura Municipal de Ferraz de Vasconcelos - SP;3515707;SP;198661;Despesas Empenhadas;13.391 - Patrimônio Histórico, Artístico e Arqueológico;siconfi-cor_TotalDespesas;192580,0;2023
Prefeitura Municipal de Ferraz de Vasconcelos - SP;3515707;SP;198661;Despesas Empenhadas;13.392 - Difusão Cultural;siconfi-cor_TotalDespesas;5237220,05;2023
Prefeitura Municipal de Ferraz de Vasconcelos - SP;3515707;SP;198661;Despesas Empenhadas;13.122 - Administração Geral;siconfi-cor_TotalDespesas;1990878,48;2023
Prefeitura Municipal de Ferraz de Vasconcelos - SP;3515707;SP;198661;Despesas Empenhadas;15 - Urbanismo;siconfi-cor_TotalDespesas;94562285,2;2023
Prefeitura Municipal de Ferraz de Vasconcelos - SP;3515707;SP;198661;Despesas Empenhadas;15.451 - Infraestrutura Urbana;siconfi-cor_TotalDespesas;42517634,98;2023
Prefeitura Municipal de Ferraz de Vasconcelos - SP;3515707;SP;198661;Despesas Empenhadas;15.452 - Serviços Urbanos;siconfi-cor_TotalDespesas;37234673,39;2023
Prefeitura Municipal de Ferraz de Vasconcelos - SP;3515707;SP;198661;Despesas Empenhadas;15.122 - Administração Geral;siconfi-cor_TotalDespesas;14809976,83;2023
Prefeitura Municipal de Ferraz de Vasconcelos - SP;3515707;SP;198661;Despesas Empenhadas;16 - Habitação;siconfi-cor_TotalDespesas;18009,72;2023
Prefeitura Municipal de Ferraz de Vasconcelos - SP;3515707;SP;198661;Despesas Empenhadas;FU16 - Demais Subfunções;siconfi-cor_TotalDespesas;18009,72;2023
Prefeitura Municipal de Ferraz de Vasconcelos - SP;3515707;SP;198661;Despesas Empenhadas;20 - Agricultura;siconfi-cor_TotalDespesas;317940,0;2023
Prefeitura Municipal de Ferraz de Vasconcelos - SP;3515707;SP;198661;Despesas Empenhadas;FU20 - Demais Subfunções;siconfi-cor_TotalDespesas;317940,0;2023
Prefeitura Municipal de Ferraz de Vasconcelos - SP;3515707;SP;198661;Despesas Empenhadas;23 - Comércio e Serviços;siconfi-cor_TotalDespesas;1326829,91;2023
Prefeitura Municipal de Ferraz de Vasconcelos - SP;3515707;SP;198661;Despesas Empenhadas;23.122 - Administração Geral;siconfi-cor_TotalDespesas;1326829,91;2023
Prefeitura Municipal de Ferraz de Vasconcelos - SP;3515707;SP;198661;Despesas Empenhadas;26 - Transporte;siconfi-cor_TotalDespesas;29467219,23;2023
Prefeitura Municipal de Ferraz de Vasconcelos - SP;3515707;SP;198661;Despesas Empenhadas;26.122 - Administração Geral;siconfi-cor_TotalDespesas;28741287,22;2023
Prefeitura Municipal de Ferraz de Vasconcelos - SP;3515707;SP;198661;Despesas Empenhadas;FU26 - Demais Subfunções;siconfi-cor_TotalDespesas;725932,01;2023
Prefeitura Municipal de Ferraz de Vasconcelos - SP;3515707;SP;198661;Despesas Empenhadas;27 - Desporto e Lazer;siconfi-cor_TotalDespesas;2386441,09;2023
Prefeitura Municipal de Ferraz de Vasconcelos - SP;3515707;SP;198661;Despesas Empenhadas;27.812 - Desporto Comunitário;siconfi-cor_TotalDespesas;473973,82;2023
Prefeitura Municipal de Ferraz de Vasconcelos - SP;3515707;SP;198661;Despesas Empenhadas;27.813 - Lazer;siconfi-cor_TotalDespesas;144837,39;2023
Prefeitura Municipal de Ferraz de Vasconcelos - SP;3515707;SP;198661;Despesas Empenhadas;27.122 - Administração Geral;siconfi-cor_TotalDespesas;1767629,88;2023
Prefeitura Municipal de Ferraz de Vasconcelos - SP;3515707;SP;198661;Despesas Liquidadas;Despesas Exceto Intraorçamentárias;siconfi-cor_TotalDespesas;567276336,64;2023
Prefeitura Municipal de Ferraz de Vasconcelos - SP;3515707;SP;198661;Despesas Liquidadas;01 - Legislativa;siconfi-cor_TotalDespesas;17408303,47;2023
Prefeitura Municipal de Ferraz de Vasconcelos - SP;3515707;SP;198661;Despesas Liquidadas;01.031 - Ação Legislativa;siconfi-cor_TotalDespesas;17408303,47;2023
Prefeitura Municipal de Ferraz de Vasconcelos - SP;3515707;SP;198661;Despesas Liquidadas;03 - Essencial à Justiça;siconfi-cor_TotalDespesas;5028855,14;2023
Prefeitura Municipal de Ferraz de Vasconcelos - SP;3515707;SP;198661;Despesas Liquidadas;03.122 - Administração Geral;siconfi-cor_TotalDespesas;4334958,09;2023
Prefeitura Municipal de Ferraz de Vasconcelos - SP;3515707;SP;198661;Despesas Liquidadas;FU03 - Demais Subfunções;siconfi-cor_TotalDespesas;693897,05;2023
Prefeitura Municipal de Ferraz de Vasconcelos - SP;3515707;SP;198661;Despesas Liquidadas;04 - Administração;siconfi-cor_TotalDespesas;108760747,32;2023
Prefeitura Municipal de Ferraz de Vasconcelos - SP;3515707;SP;198661;Despesas Liquidadas;04.122 - Administração Geral;siconfi-cor_TotalDespesas;65322245,1;2023
Prefeitura Municipal de Ferraz de Vasconcelos - SP;3515707;SP;198661;Despesas Liquidadas;04.123 - Administração Financeira;siconfi-cor_TotalDespesas;32872277,23;2023
Prefeitura Municipal de Ferraz de Vasconcelos - SP;3515707;SP;198661;Despesas Liquidadas;04.131 - Comunicação Social;siconfi-cor_TotalDespesas;1759366,69;2023
Prefeitura Municipal de Ferraz de Vasconcelos - SP;3515707;SP;198661;Despesas Liquidadas;FU04 - Demais Subfunções;siconfi-cor_TotalDespesas;8806858,3;2023
Prefeitura Municipal de Ferraz de Vasconcelos - SP;3515707;SP;198661;Despesas Liquidadas;06 - Segurança Pública;siconfi-cor_TotalDespesas;16516870,17;2023
Prefeitura Municipal de Ferraz de Vasconcelos - SP;3515707;SP;198661;Despesas Liquidadas;06.122 - Administração Geral;siconfi-cor_TotalDespesas;16368632,77;2023
Prefeitura Municipal de Ferraz de Vasconcelos - SP;3515707;SP;198661;Despesas Liquidadas;FU06 - Demais Subfunções;siconfi-cor_TotalDespesas;148237,4;2023
Prefeitura Municipal de Ferraz de Vasconcelos - SP;3515707;SP;198661;Despesas Liquidadas;08 - Assistência Social;siconfi-cor_TotalDespesas;15294148,0;2023
Prefeitura Municipal de Ferraz de Vasconcelos - SP;3515707;SP;198661;Despesas Liquidadas;08.244 - Assistência Comunitária;siconfi-cor_TotalDespesas;8789353,8;2023
Prefeitura Municipal de Ferraz de Vasconcelos - SP;3515707;SP;198661;Despesas Liquidadas;08.122 - Administração Geral;siconfi-cor_TotalDespesas;6501710,37;2023
Prefeitura Municipal de Ferraz de Vasconcelos - SP;3515707;SP;198661;Despesas Liquidadas;FU08 - Demais Subfunções;siconfi-cor_TotalDespesas;3083,83;2023
Prefeitura Municipal de Ferraz de Vasconcelos - SP;3515707;SP;198661;Despesas Liquidadas;10 - Saúde;siconfi-cor_TotalDespesas;95549183,33;2023
Prefeitura Municipal de Ferraz de Vasconcelos - SP;3515707;SP;198661;Despesas Liquidadas;10.301 - Atenção Básica;siconfi-cor_TotalDespesas;36496171,86;2023
Prefeitura Municipal de Ferraz de Vasconcelos - SP;3515707;SP;198661;Despesas Liquidadas;10.302 - Assistência Hospitalar e Ambulatorial;siconfi-cor_TotalDespesas;9644594,63;2023
Prefeitura Municipal de Ferraz de Vasconcelos - SP;3515707;SP;198661;Despesas Liquidadas;10.303 - Suporte Profilático e Terapêutico;siconfi-cor_TotalDespesas;5507899,32;2023
Prefeitura Municipal de Ferraz de Vasconcelos - SP;3515707;SP;198661;Despesas Liquidadas;10.304 - Vigilância Sanitária;siconfi-cor_TotalDespesas;256212,58;2023
Prefeitura Municipal de Ferraz de Vasconcelos - SP;3515707;SP;198661;Despesas Liquidadas;10.122 - Administração Geral;siconfi-cor_TotalDespesas;43644304,94;2023
Prefeitura Municipal de Ferraz de Vasconcelos - SP;3515707;SP;198661;Despesas Liquidadas;12 - Educação;siconfi-cor_TotalDespesas;196292699,3;2023
Prefeitura Municipal de Ferraz de Vasconcelos - SP;3515707;SP;198661;Despesas Liquidadas;12.361 - Ensino Fundamental;siconfi-cor_TotalDespesas;141136634,31;2023
Prefeitura Municipal de Ferraz de Vasconcelos - SP;3515707;SP;198661;Despesas Liquidadas;12.365 - Educação Infantil;siconfi-cor_TotalDespesas;20379557,01;2023
Prefeitura Municipal de Ferraz de Vasconcelos - SP;3515707;SP;198661;Despesas Liquidadas;12.368 - Educação Básica;siconfi-cor_TotalDespesas;2682677,26;2023
Prefeitura Municipal de Ferraz de Vasconcelos - SP;3515707;SP;198661;Despesas Liquidadas;12.122 - Administração Geral;siconfi-cor_TotalDespesas;16220796,26;2023
Prefeitura Municipal de Ferraz de Vasconcelos - SP;3515707;SP;198661;Despesas Liquidadas;FU12 - Demais Subfunções;siconfi-cor_TotalDespesas;15873034,46;2023
Prefeitura Municipal de Ferraz de Vasconcelos - SP;3515707;SP;198661;Despesas Liquidadas;13 - Cultura;siconfi-cor_TotalDespesas;7045273,05;2023
Prefeitura Municipal de Ferraz de Vasconcelos - SP;3515707;SP;198661;Despesas Liquidadas;13.391 - Patrimônio Histórico, Artístico e Arqueológico;siconfi-cor_TotalDespesas;165820,0;2023
Prefeitura Municipal de Ferraz de Vasconcelos - SP;3515707;SP;198661;Despesas Liquidadas;13.392 - Difusão Cultural;siconfi-cor_TotalDespesas;5022088,07;2023
Prefeitura Municipal de Ferraz de Vasconcelos - SP;3515707;SP;198661;Despesas Liquidadas;13.122 - Administração Geral;siconfi-cor_TotalDespesas;1857364,98;2023
Prefeitura Municipal de Ferraz de Vasconcelos - SP;3515707;SP;198661;Despesas Liquidadas;15 - Urbanismo;siconfi-cor_TotalDespesas;72514961,72;2023
Prefeitura Municipal de Ferraz de Vasconcelos - SP;3515707;SP;198661;Despesas Liquidadas;15.451 - Infraestrutura Urbana;siconfi-cor_TotalDespesas;23352483,47;2023
Prefeitura Municipal de Ferraz de Vasconcelos - SP;3515707;SP;198661;Despesas Liquidadas;15.452 - Serviços Urbanos;siconfi-cor_TotalDespesas;35300903,63;2023
Prefeitura Municipal de Ferraz de Vasconcelos - SP;3515707;SP;198661;Despesas Liquidadas;15.122 - Administração Geral;siconfi-cor_TotalDespesas;13861574,62;2023
Prefeitura Municipal de Ferraz de Vasconcelos - SP;3515707;SP;198661;Despesas Liquidadas;16 - Habitação;siconfi-cor_TotalDespesas;18009,72;2023
Prefeitura Municipal de Ferraz de Vasconcelos - SP;3515707;SP;198661;Despesas Liquidadas;FU16 - Demais Subfunções;siconfi-cor_TotalDespesas;18009,72;2023
Prefeitura Municipal de Ferraz de Vasconcelos - SP;3515707;SP;198661;Despesas Liquidadas;20 - Agricultura;siconfi-cor_TotalDespesas;285620,0;2023
Prefeitura Municipal de Ferraz de Vasconcelos - SP;3515707;SP;198661;Despesas Liquidadas;FU20 - Demais Subfunções;siconfi-cor_TotalDespesas;285620,0;2023
Prefeitura Municipal de Ferraz de Vasconcelos - SP;3515707;SP;198661;Despesas Liquidadas;23 - Comércio e Serviços;siconfi-cor_TotalDespesas;1311666,8;2023
Prefeitura Municipal de Ferraz de Vasconcelos - SP;3515707;SP;198661;Despesas Liquidadas;23.122 - Administração Geral;siconfi-cor_TotalDespesas;1311666,8;2023
Prefeitura Municipal de Ferraz de Vasconcelos - SP;3515707;SP;198661;Despesas Liquidadas;26 - Transporte;siconfi-cor_TotalDespesas;28931225,16;2023
Prefeitura Municipal de Ferraz de Vasconcelos - SP;3515707;SP;198661;Despesas Liquidadas;26.122 - Administração Geral;siconfi-cor_TotalDespesas;28262543,15;2023
Prefeitura Municipal de Ferraz de Vasconcelos - SP;3515707;SP;198661;Despesas Liquidadas;FU26 - Demais Subfunções;siconfi-cor_TotalDespesas;668682,01;2023
Prefeitura Municipal de Ferraz de Vasconcelos - SP;3515707;SP;198661;Despesas Liquidadas;27 - Desporto e Lazer;siconfi-cor_TotalDespesas;2318773,46;2023
Prefeitura Municipal de Ferraz de Vasconcelos - SP;3515707;SP;198661;Despesas Liquidadas;27.812 - Desporto Comunitário;siconfi-cor_TotalDespesas;457624,02;2023
Prefeitura Municipal de Ferraz de Vasconcelos - SP;3515707;SP;198661;Despesas Liquidadas;27.813 - Lazer;siconfi-cor_TotalDespesas;118486,15;2023
Prefeitura Municipal de Ferraz de Vasconcelos - SP;3515707;SP;198661;Despesas Liquidadas;27.122 - Administração Geral;siconfi-cor_TotalDespesas;1742663,29;2023
Prefeitura Municipal de Ferraz de Vasconcelos - SP;3515707;SP;198661;Despesas Pagas;Despesas Exceto Intraorçamentárias;siconfi-cor_TotalDespesas;566762495,91;2023
Prefeitura Municipal de Ferraz de Vasconcelos - SP;3515707;SP;198661;Despesas Pagas;01 - Legislativa;siconfi-cor_TotalDespesas;17408303,47;2023
Prefeitura Municipal de Ferraz de Vasconcelos - SP;3515707;SP;198661;Despesas Pagas;01.031 - Ação Legislativa;siconfi-cor_TotalDespesas;17408303,47;2023
Prefeitura Municipal de Ferraz de Vasconcelos - SP;3515707;SP;198661;Despesas Pagas;03 - Essencial à Justiça;siconfi-cor_TotalDespesas;5028855,14;2023
Prefeitura Municipal de Ferraz de Vasconcelos - SP;3515707;SP;198661;Despesas Pagas;03.122 - Administração Geral;siconfi-cor_TotalDespesas;4334958,09;2023
Prefeitura Municipal de Ferraz de Vasconcelos - SP;3515707;SP;198661;Despesas Pagas;FU03 - Demais Subfunções;siconfi-cor_TotalDespesas;693897,05;2023
Prefeitura Municipal de Ferraz de Vasconcelos - SP;3515707;SP;198661;Despesas Pagas;04 - Administração;siconfi-cor_TotalDespesas;108724790,98;2023
Prefeitura Municipal de Ferraz de Vasconcelos - SP;3515707;SP;198661;Despesas Pagas;04.122 - Administração Geral;siconfi-cor_TotalDespesas;65294335,36;2023
Prefeitura Municipal de Ferraz de Vasconcelos - SP;3515707;SP;198661;Despesas Pagas;04.123 - Administração Financeira;siconfi-cor_TotalDespesas;32872277,23;2023
Prefeitura Municipal de Ferraz de Vasconcelos - SP;3515707;SP;198661;Despesas Pagas;04.131 - Comunicação Social;siconfi-cor_TotalDespesas;1759366,69;2023
Prefeitura Municipal de Ferraz de Vasconcelos - SP;3515707;SP;198661;Despesas Pagas;FU04 - Demais Subfunções;siconfi-cor_TotalDespesas;8798811,7;2023
Prefeitura Municipal de Ferraz de Vasconcelos - SP;3515707;SP;198661;Despesas Pagas;06 - Segurança Pública;siconfi-cor_TotalDespesas;16514742,79;2023
Prefeitura Municipal de Ferraz de Vasconcelos - SP;3515707;SP;198661;Despesas Pagas;06.122 - Administração Geral;siconfi-cor_TotalDespesas;16366505,39;2023
Prefeitura Municipal de Ferraz de Vasconcelos - SP;3515707;SP;198661;Despesas Pagas;FU06 - Demais Subfunções;siconfi-cor_TotalDespesas;148237,4;2023
Prefeitura Municipal de Ferraz de Vasconcelos - SP;3515707;SP;198661;Despesas Pagas;08 - Assistência Social;siconfi-cor_TotalDespesas;14947447,57;2023
Prefeitura Municipal de Ferraz de Vasconcelos - SP;3515707;SP;198661;Despesas Pagas;08.244 - Assistência Comunitária;siconfi-cor_TotalDespesas;8447153,37;2023
Prefeitura Municipal de Ferraz de Vasconcelos - SP;3515707;SP;198661;Despesas Pagas;08.122 - Administração Geral;siconfi-cor_TotalDespesas;6497210,37;2023
Prefeitura Municipal de Ferraz de Vasconcelos - SP;3515707;SP;198661;Despesas Pagas;FU08 - Demais Subfunções;siconfi-cor_TotalDespesas;3083,83;2023
Prefeitura Municipal de Ferraz de Vasconcelos - SP;3515707;SP;198661;Despesas Pagas;10 - Saúde;siconfi-cor_TotalDespesas;95476485,24;2023
Prefeitura Municipal de Ferraz de Vasconcelos - SP;3515707;SP;198661;Despesas Pagas;10.301 - Atenção Básica;siconfi-cor_TotalDespesas;36496171,86;2023
Prefeitura Municipal de Ferraz de Vasconcelos - SP;3515707;SP;198661;Despesas Pagas;10.302 - Assistência Hospitalar e Ambulatorial;siconfi-cor_TotalDespesas;9613822,87;2023
Prefeitura Municipal de Ferraz de Vasconcelos - SP;3515707;SP;198661;Despesas Pagas;10.303 - Suporte Profilático e Terapêutico;siconfi-cor_TotalDespesas;5507899,32;2023
Prefeitura Municipal de Ferraz de Vasconcelos - SP;3515707;SP;198661;Despesas Pagas;10.304 - Vigilância Sanitária;siconfi-cor_TotalDespesas;243448,75;2023
Prefeitura Municipal de Ferraz de Vasconcelos - SP;3515707;SP;198661;Despesas Pagas;10.122 - Administração Geral;siconfi-cor_TotalDespesas;43615142,44;2023
Prefeitura Municipal de Ferraz de Vasconcelos - SP;3515707;SP;198661;Despesas Pagas;12 - Educação;siconfi-cor_TotalDespesas;196268437,8;2023
Prefeitura Municipal de Ferraz de Vasconcelos - SP;3515707;SP;198661;Despesas Pagas;12.361 - Ensino Fundamental;siconfi-cor_TotalDespesas;141136634,31;2023
Prefeitura Municipal de Ferraz de Vasconcelos - SP;3515707;SP;198661;Despesas Pagas;12.365 - Educação Infantil;siconfi-cor_TotalDespesas;20355295,51;2023
Prefeitura Municipal de Ferraz de Vasconcelos - SP;3515707;SP;198661;Despesas Pagas;12.368 - Educação Básica;siconfi-cor_TotalDespesas;2682677,26;2023
Prefeitura Municipal de Ferraz de Vasconcelos - SP;3515707;SP;198661;Despesas Pagas;12.122 - Administração Geral;siconfi-cor_TotalDespesas;16220796,26;2023
Prefeitura Municipal de Ferraz de Vasconcelos - SP;3515707;SP;198661;Despesas Pagas;FU12 - Demais Subfunções;siconfi-cor_TotalDespesas;15873034,46;2023
Prefeitura Municipal de Ferraz de Vasconcelos - SP;3515707;SP;198661;Despesas Pagas;13 - Cultura;siconfi-cor_TotalDespesas;7031573,05;2023
Prefeitura Municipal de Ferraz de Vasconcelos - SP;3515707;SP;198661;Despesas Pagas;13.391 - Patrimônio Histórico, Artístico e Arqueológico;siconfi-cor_TotalDespesas;165820,0;2023
Prefeitura Municipal de Ferraz de Vasconcelos - SP;3515707;SP;198661;Despesas Pagas;13.392 - Difusão Cultural;siconfi-cor_TotalDespesas;5022088,07;2023
Prefeitura Municipal de Ferraz de Vasconcelos - SP;3515707;SP;198661;Despesas Pagas;13.122 - Administração Geral;siconfi-cor_TotalDespesas;1843664,98;2023
Prefeitura Municipal de Ferraz de Vasconcelos - SP;3515707;SP;198661;Despesas Pagas;15 - Urbanismo;siconfi-cor_TotalDespesas;72514961,72;2023
Prefeitura Municipal de Ferraz de Vasconcelos - SP;3515707;SP;198661;Despesas Pagas;15.451 - Infraestrutura Urbana;siconfi-cor_TotalDespesas;23352483,47;2023
Prefeitura Municipal de Ferraz de Vasconcelos - SP;3515707;SP;198661;Despesas Pagas;15.452 - Serviços Urbanos;siconfi-cor_TotalDespesas;35300903,63;2023
Prefeitura Municipal de Ferraz de Vasconcelos - SP;3515707;SP;198661;Despesas Pagas;15.122 - Administração Geral;siconfi-cor_TotalDespesas;13861574,62;2023
Prefeitura Municipal de Ferraz de Vasconcelos - SP;3515707;SP;198661;Despesas Pagas;16 - Habitação;siconfi-cor_TotalDespesas;18009,72;2023
Prefeitura Municipal de Ferraz de Vasconcelos - SP;3515707;SP;198661;Despesas Pagas;FU16 - Demais Subfunções;siconfi-cor_TotalDespesas;18009,72;2023
Prefeitura Municipal de Ferraz de Vasconcelos - SP;3515707;SP;198661;Despesas Pagas;20 - Agricultura;siconfi-cor_TotalDespesas;285620,0;2023
Prefeitura Municipal de Ferraz de Vasconcelos - SP;3515707;SP;198661;Despesas Pagas;FU20 - Demais Subfunções;siconfi-cor_TotalDespesas;285620,0;2023
Prefeitura Municipal de Ferraz de Vasconcelos - SP;3515707;SP;198661;Despesas Pagas;23 - Comércio e Serviços;siconfi-cor_TotalDespesas;1311666,8;2023
Prefeitura Municipal de Ferraz de Vasconcelos - SP;3515707;SP;198661;Despesas Pagas;23.122 - Administração Geral;siconfi-cor_TotalDespesas;1311666,8;2023
Prefeitura Municipal de Ferraz de Vasconcelos - SP;3515707;SP;198661;Despesas Pagas;26 - Transporte;siconfi-cor_TotalDespesas;28912828,17;2023
Prefeitura Municipal de Ferraz de Vasconcelos - SP;3515707;SP;198661;Despesas Pagas;26.122 - Administração Geral;siconfi-cor_TotalDespesas;28244146,16;2023
Prefeitura Municipal de Ferraz de Vasconcelos - SP;3515707;SP;198661;Despesas Pagas;FU26 - Demais Subfunções;siconfi-cor_TotalDespesas;668682,01;2023
Prefeitura Municipal de Ferraz de Vasconcelos - SP;3515707;SP;198661;Despesas Pagas;27 - Desporto e Lazer;siconfi-cor_TotalDespesas;2318773,46;2023
Prefeitura Municipal de Ferraz de Vasconcelos - SP;3515707;SP;198661;Despesas Pagas;27.812 - Desporto Comunitário;siconfi-cor_TotalDespesas;457624,02;2023
Prefeitura Municipal de Ferraz de Vasconcelos - SP;3515707;SP;198661;Despesas Pagas;27.813 - Lazer;siconfi-cor_TotalDespesas;118486,15;2023
Prefeitura Municipal de Ferraz de Vasconcelos - SP;3515707;SP;198661;Despesas Pagas;27.122 - Administração Geral;siconfi-cor_TotalDespesas;1742663,29;2023
Prefeitura Municipal de Ferraz de Vasconcelos - SP;3515707;SP;198661;Inscrição de Restos a Pagar Não Processados;Despesas Exceto Intraorçamentárias;siconfi-cor_TotalDespesas;33250436,85;2023
Prefeitura Municipal de Ferraz de Vasconcelos - SP;3515707;SP;198661;Inscrição de Restos a Pagar Não Processados;01 - Legislativa;siconfi-cor_TotalDespesas;178329,35;2023
Prefeitura Municipal de Ferraz de Vasconcelos - SP;3515707;SP;198661;Inscrição de Restos a Pagar Não Processados;01.031 - Ação Legislativa;siconfi-cor_TotalDespesas;178329,35;2023
Prefeitura Municipal de Ferraz de Vasconcelos - SP;3515707;SP;198661;Inscrição de Restos a Pagar Não Processados;03 - Essencial à Justiça;siconfi-cor_TotalDespesas;406106,61;2023
Prefeitura Municipal de Ferraz de Vasconcelos - SP;3515707;SP;198661;Inscrição de Restos a Pagar Não Processados;03.122 - Administração Geral;siconfi-cor_TotalDespesas;406106,61;2023
Prefeitura Municipal de Ferraz de Vasconcelos - SP;3515707;SP;198661;Inscrição de Restos a Pagar Não Processados;04 - Administração;siconfi-cor_TotalDespesas;2180876,64;2023
Prefeitura Municipal de Ferraz de Vasconcelos - SP;3515707;SP;198661;Inscrição de Restos a Pagar Não Processados;04.122 - Administração Geral;siconfi-cor_TotalDespesas;1401086,78;2023
Prefeitura Municipal de Ferraz de Vasconcelos - SP;3515707;SP;198661;Inscrição de Restos a Pagar Não Processados;04.123 - Administração Financeira;siconfi-cor_TotalDespesas;532603,97;2023
Prefeitura Municipal de Ferraz de Vasconcelos - SP;3515707;SP;198661;Inscrição de Restos a Pagar Não Processados;04.131 - Comunicação Social;siconfi-cor_TotalDespesas;44480,26;2023
Prefeitura Municipal de Ferraz de Vasconcelos - SP;3515707;SP;198661;Inscrição de Restos a Pagar Não Processados;FU04 - Demais Subfunções;siconfi-cor_TotalDespesas;202705,63;2023
Prefeitura Municipal de Ferraz de Vasconcelos - SP;3515707;SP;198661;Inscrição de Restos a Pagar Não Processados;06 - Segurança Pública;siconfi-cor_TotalDespesas;703430,62;2023
Prefeitura Municipal de Ferraz de Vasconcelos - SP;3515707;SP;198661;Inscrição de Restos a Pagar Não Processados;06.122 - Administração Geral;siconfi-cor_TotalDespesas;697430,62;2023
Prefeitura Municipal de Ferraz de Vasconcelos - SP;3515707;SP;198661;Inscrição de Restos a Pagar Não Processados;FU06 - Demais Subfunções;siconfi-cor_TotalDespesas;6000,0;2023
Prefeitura Municipal de Ferraz de Vasconcelos - SP;3515707;SP;198661;Inscrição de Restos a Pagar Não Processados;08 - Assistência Social;siconfi-cor_TotalDespesas;208118,17;2023
Prefeitura Municipal de Ferraz de Vasconcelos - SP;3515707;SP;198661;Inscrição de Restos a Pagar Não Processados;08.244 - Assistência Comunitária;siconfi-cor_TotalDespesas;185857,91;2023
Prefeitura Municipal de Ferraz de Vasconcelos - SP;3515707;SP;198661;Inscrição de Restos a Pagar Não Processados;08.122 - Administração Geral;siconfi-cor_TotalDespesas;22260,26;2023
Prefeitura Municipal de Ferraz de Vasconcelos - SP;3515707;SP;198661;Inscrição de Restos a Pagar Não Processados;10 - Saúde;siconfi-cor_TotalDespesas;3900754,81;2023
Prefeitura Municipal de Ferraz de Vasconcelos - SP;3515707;SP;198661;Inscrição de Restos a Pagar Não Processados;10.301 - Atenção Básica;siconfi-cor_TotalDespesas;206371,73;2023
Prefeitura Municipal de Ferraz de Vasconcelos - SP;3515707;SP;198661;Inscrição de Restos a Pagar Não Processados;10.302 - Assistência Hospitalar e Ambulatorial;siconfi-cor_TotalDespesas;1690153,06;2023
Prefeitura Municipal de Ferraz de Vasconcelos - SP;3515707;SP;198661;Inscrição de Restos a Pagar Não Processados;10.303 - Suporte Profilático e Terapêutico;siconfi-cor_TotalDespesas;1164923,23;2023
Prefeitura Municipal de Ferraz de Vasconcelos - SP;3515707;SP;198661;Inscrição de Restos a Pagar Não Processados;10.304 - Vigilância Sanitária;siconfi-cor_TotalDespesas;74751,7;2023
Prefeitura Municipal de Ferraz de Vasconcelos - SP;3515707;SP;198661;Inscrição de Restos a Pagar Não Processados;10.122 - Administração Geral;siconfi-cor_TotalDespesas;764555,09;2023
Prefeitura Municipal de Ferraz de Vasconcelos - SP;3515707;SP;198661;Inscrição de Restos a Pagar Não Processados;12 - Educação;siconfi-cor_TotalDespesas;2598946,88;2023
Prefeitura Municipal de Ferraz de Vasconcelos - SP;3515707;SP;198661;Inscrição de Restos a Pagar Não Processados;12.361 - Ensino Fundamental;siconfi-cor_TotalDespesas;1088486,42;2023
Prefeitura Municipal de Ferraz de Vasconcelos - SP;3515707;SP;198661;Inscrição de Restos a Pagar Não Processados;12.365 - Educação Infantil;siconfi-cor_TotalDespesas;640664,12;2023
Prefeitura Municipal de Ferraz de Vasconcelos - SP;3515707;SP;198661;Inscrição de Restos a Pagar Não Processados;12.122 - Administração Geral;siconfi-cor_TotalDespesas;268560,57;2023
Prefeitura Municipal de Ferraz de Vasconcelos - SP;3515707;SP;198661;Inscrição de Restos a Pagar Não Processados;FU12 - Demais Subfunções;siconfi-cor_TotalDespesas;601235,77;2023
Prefeitura Municipal de Ferraz de Vasconcelos - SP;3515707;SP;198661;Inscrição de Restos a Pagar Não Processados;13 - Cultura;siconfi-cor_TotalDespesas;375405,48;2023
Prefeitura Municipal de Ferraz de Vasconcelos - SP;3515707;SP;198661;Inscrição de Restos a Pagar Não Processados;13.391 - Patrimônio Histórico, Artístico e Arqueológico;siconfi-cor_TotalDespesas;26760,0;2023
Prefeitura Municipal de Ferraz de Vasconcelos - SP;3515707;SP;198661;Inscrição de Restos a Pagar Não Processados;13.392 - Difusão Cultural;siconfi-cor_TotalDespesas;215131,98;2023
Prefeitura Municipal de Ferraz de Vasconcelos - SP;3515707;SP;198661;Inscrição de Restos a Pagar Não Processados;13.122 - Administração Geral;siconfi-cor_TotalDespesas;133513,5;2023
Prefeitura Municipal de Ferraz de Vasconcelos - SP;3515707;SP;198661;Inscrição de Restos a Pagar Não Processados;15 - Urbanismo;siconfi-cor_TotalDespesas;22047323,48;2023
Prefeitura Municipal de Ferraz de Vasconcelos - SP;3515707;SP;198661;Inscrição de Restos a Pagar Não Processados;15.451 - Infraestrutura Urbana;siconfi-cor_TotalDespesas;19165151,51;2023
Prefeitura Municipal de Ferraz de Vasconcelos - SP;3515707;SP;198661;Inscrição de Restos a Pagar Não Processados;15.452 - Serviços Urbanos;siconfi-cor_TotalDespesas;1933769,76;2023
Prefeitura Municipal de Ferraz de Vasconcelos - SP;3515707;SP;198661;Inscrição de Restos a Pagar Não Processados;15.122 - Administração Geral;siconfi-cor_TotalDespesas;948402,21;2023
Prefeitura Municipal de Ferraz de Vasconcelos - SP;3515707;SP;198661;Inscrição de Restos a Pagar Não Processados;20 - Agricultura;siconfi-cor_TotalDespesas;32320,0;2023
Prefeitura Municipal de Ferraz de Vasconcelos - SP;3515707;SP;198661;Inscrição de Restos a Pagar Não Processados;FU20 - Demais Subfunções;siconfi-cor_TotalDespesas;32320,0;2023
Prefeitura Municipal de Ferraz de Vasconcelos - SP;3515707;SP;198661;Inscrição de Restos a Pagar Não Processados;23 - Comércio e Serviços;siconfi-cor_TotalDespesas;15163,11;2023
Prefeitura Municipal de Ferraz de Vasconcelos - SP;3515707;SP;198661;Inscrição de Restos a Pagar Não Processados;23.122 - Administração Geral;siconfi-cor_TotalDespesas;15163,11;2023
Prefeitura Municipal de Ferraz de Vasconcelos - SP;3515707;SP;198661;Inscrição de Restos a Pagar Não Processados;26 - Transporte;siconfi-cor_TotalDespesas;535994,07;2023
Prefeitura Municipal de Ferraz de Vasconcelos - SP;3515707;SP;198661;Inscrição de Restos a Pagar Não Processados;26.122 - Administração Geral;siconfi-cor_TotalDespesas;478744,07;2023
Prefeitura Municipal de Ferraz de Vasconcelos - SP;3515707;SP;198661;Inscrição de Restos a Pagar Não Processados;FU26 - Demais Subfunções;siconfi-cor_TotalDespesas;57250,0;2023
Prefeitura Municipal de Ferraz de Vasconcelos - SP;3515707;SP;198661;Inscrição de Restos a Pagar Não Processados;27 - Desporto e Lazer;siconfi-cor_TotalDespesas;67667,63;2023
Prefeitura Municipal de Ferraz de Vasconcelos - SP;3515707;SP;198661;Inscrição de Restos a Pagar Não Processados;27.812 - Desporto Comunitário;siconfi-cor_TotalDespesas;16349,8;2023
Prefeitura Municipal de Ferraz de Vasconcelos - SP;3515707;SP;198661;Inscrição de Restos a Pagar Não Processados;27.813 - Lazer;siconfi-cor_TotalDespesas;26351,24;2023
Prefeitura Municipal de Ferraz de Vasconcelos - SP;3515707;SP;198661;Inscrição de Restos a Pagar Não Processados;27.122 - Administração Geral;siconfi-cor_TotalDespesas;24966,59;2023
Prefeitura Municipal de Ferraz de Vasconcelos - SP;3515707;SP;198661;Inscrição de Restos a Pagar Processados;Despesas Exceto Intraorçamentárias;siconfi-cor_TotalDespesas;513840,73;2023
Prefeitura Municipal de Ferraz de Vasconcelos - SP;3515707;SP;198661;Inscrição de Restos a Pagar Processados;04 - Administração;siconfi-cor_TotalDespesas;35956,34;2023
Prefeitura Municipal de Ferraz de Vasconcelos - SP;3515707;SP;198661;Inscrição de Restos a Pagar Processados;04.122 - Administração Geral;siconfi-cor_TotalDespesas;27909,74;2023
Prefeitura Municipal de Ferraz de Vasconcelos - SP;3515707;SP;198661;Inscrição de Restos a Pagar Processados;FU04 - Demais Subfunções;siconfi-cor_TotalDespesas;8046,6;2023
Prefeitura Municipal de Ferraz de Vasconcelos - SP;3515707;SP;198661;Inscrição de Restos a Pagar Processados;06 - Segurança Pública;siconfi-cor_TotalDespesas;2127,38;2023
Prefeitura Municipal de Ferraz de Vasconcelos - SP;3515707;SP;198661;Inscrição de Restos a Pagar Processados;06.122 - Administração Geral;siconfi-cor_TotalDespesas;2127,38;2023
Prefeitura Municipal de Ferraz de Vasconcelos - SP;3515707;SP;198661;Inscrição de Restos a Pagar Processados;08 - Assistência Social;siconfi-cor_TotalDespesas;346700,43;2023
Prefeitura Municipal de Ferraz de Vasconcelos - SP;3515707;SP;198661;Inscrição de Restos a Pagar Processados;08.244 - Assistência Comunitária;siconfi-cor_TotalDespesas;342200,43;2023
Prefeitura Municipal de Ferraz de Vasconcelos - SP;3515707;SP;198661;Inscrição de Restos a Pagar Processados;08.122 - Administração Geral;siconfi-cor_TotalDespesas;4500,0;2023
Prefeitura Municipal de Ferraz de Vasconcelos - SP;3515707;SP;198661;Inscrição de Restos a Pagar Processados;10 - Saúde;siconfi-cor_TotalDespesas;72698,09;2023
Prefeitura Municipal de Ferraz de Vasconcelos - SP;3515707;SP;198661;Inscrição de Restos a Pagar Processados;10.302 - Assistência Hospitalar e Ambulatorial;siconfi-cor_TotalDespesas;30771,76;2023
Prefeitura Municipal de Ferraz de Vasconcelos - SP;3515707;SP;198661;Inscrição de Restos a Pagar Processados;10.304 - Vigilância Sanitária;siconfi-cor_TotalDespesas;12763,83;2023
Prefeitura Municipal de Ferraz de Vasconcelos - SP;3515707;SP;198661;Inscrição de Restos a Pagar Processados;10.122 - Administração Geral;siconfi-cor_TotalDespesas;29162,5;2023
Prefeitura Municipal de Ferraz de Vasconcelos - SP;3515707;SP;198661;Inscrição de Restos a Pagar Processados;12 - Educação;siconfi-cor_TotalDespesas;24261,5;2023
Prefeitura Municipal de Ferraz de Vasconcelos - SP;3515707;SP;198661;Inscrição de Restos a Pagar Processados;12.365 - Educação Infantil;siconfi-cor_TotalDespesas;24261,5;2023
Prefeitura Municipal de Ferraz de Vasconcelos - SP;3515707;SP;198661;Inscrição de Restos a Pagar Processados;13 - Cultura;siconfi-cor_TotalDespesas;13700,0;2023
Prefeitura Municipal de Ferraz de Vasconcelos - SP;3515707;SP;198661;Inscrição de Restos a Pagar Processados;13.122 - Administração Geral;siconfi-cor_TotalDespesas;13700,0;2023
Prefeitura Municipal de Ferraz de Vasconcelos - SP;3515707;SP;198661;Inscrição de Restos a Pagar Processados;26 - Transporte;siconfi-cor_TotalDespesas;18396,99;2023
Prefeitura Municipal de Ferraz de Vasconcelos - SP;3515707;SP;198661;Inscrição de Restos a Pagar Processados;26.122 - Administração Geral;siconfi-cor_TotalDespesas;18396,99;2023
