Código da Emenda;Ano da Emenda;Nome do Autor da Emenda;Número da emenda;Valor Empenhado;Valor Pago;Tipo de Emenda;Data Documento;Município de aplicação do recurso;Código IBGE do município de aplicação do recurso;Fase da despesa;Favorecido;Órgão Superior;Grupo Despesa;Elemento Despesa;Função;SubFunção;Ação;Possui convênio?
202081000179;2020;RELATOR GERAL;0179;1908600.0;0.0;Emenda de Relator;31/12/2020;FERRAZ DE VASCONCELOS;3515707;Empenho;MUNICIPIO DE FERRAZ DE VASCONCELOS;Ministério da Agricultura e Pecuária;Investimentos;Auxílios;Agricultura;Promoção da produção agropecuária;FOMENTO AO SETOR AGROPECUARIO;NÃO
202037170008;2020;MARCIO ALVINO;0008;0.0;100000.0;Emenda Individual - Transferências com Finalidade Definida;28/07/2020;FERRAZ DE VASCONCELOS;3515707;Pagamento;BANCO DO BRASIL SA;Ministério do Desenvolvimento e Assistência Social, Família e Combate à Fome;Outras Despesas Correntes;Contribuições;Assistência social;Assistência comunitária;ESTRUTURACAO DA REDE DE SERVICOS E FORTALECIMENTO DA GESTAO DO SISTEMA UNICO DE ASSISTENCIA SOCIAL (SUAS);NÃO
202037170008;2020;MARCIO ALVINO;0008;0.0;0.0;Emenda Individual - Transferências com Finalidade Definida;24/07/2020;FERRAZ DE VASCONCELOS;3515707;Liquidação;BANCO DO BRASIL SA;Ministério do Desenvolvimento e Assistência Social, Família e Combate à Fome;Investimentos;Auxílios;Assistência social;Assistência comunitária;ESTRUTURACAO DA REDE DE SERVICOS E FORTALECIMENTO DA GESTAO DO SISTEMA UNICO DE ASSISTENCIA SOCIAL (SUAS);NÃO
202037170008;2020;MARCIO ALVINO;0008;0.0;100000.0;Emenda Individual - Transferências com Finalidade Definida;28/07/2020;FERRAZ DE VASCONCELOS;3515707;Pagamento;BANCO DO BRASIL SA;Ministério do Desenvolvimento e Assistência Social, Família e Combate à Fome;Investimentos;Auxílios;Assistência social;Assistência comunitária;ESTRUTURACAO DA REDE DE SERVICOS E FORTALECIMENTO DA GESTAO DO SISTEMA UNICO DE ASSISTENCIA SOCIAL (SUAS);NÃO
202037170008;2020;MARCIO ALVINO;0008;0.0;0.0;Emenda Individual - Transferências com Finalidade Definida;27/07/2020;FERRAZ DE VASCONCELOS;3515707;Liquidação;BANCO DO BRASIL SA;Ministério do Desenvolvimento e Assistência Social, Família e Combate à Fome;Outras Despesas Correntes;Contribuições;Assistência social;Assistência comunitária;ESTRUTURACAO DA REDE DE SERVICOS E FORTALECIMENTO DA GESTAO DO SISTEMA UNICO DE ASSISTENCIA SOCIAL (SUAS);NÃO
202037170008;2020;MARCIO ALVINO;0008;100000.0;0.0;Emenda Individual - Transferências com Finalidade Definida;23/06/2020;FERRAZ DE VASCONCELOS;3515707;Empenho;FUNDO MUNICIPAL DE ASSISTENCIA SOCIAL;Ministério do Desenvolvimento e Assistência Social, Família e Combate à Fome;Outras Despesas Correntes;Contribuições;Assistência social;Assistência comunitária;ESTRUTURACAO DA REDE DE SERVICOS E FORTALECIMENTO DA GESTAO DO SISTEMA UNICO DE ASSISTENCIA SOCIAL (SUAS);NÃO
202037170008;2020;MARCIO ALVINO;0008;100000.0;0.0;Emenda Individual - Transferências com Finalidade Definida;23/06/2020;FERRAZ DE VASCONCELOS;3515707;Empenho;FUNDO MUNICIPAL DE ASSISTENCIA SOCIAL;Ministério do Desenvolvimento e Assistência Social, Família e Combate à Fome;Investimentos;Auxílios;Assistência social;Assistência comunitária;ESTRUTURACAO DA REDE DE SERVICOS E FORTALECIMENTO DA GESTAO DO SISTEMA UNICO DE ASSISTENCIA SOCIAL (SUAS);NÃO
202041260002;2020;POLICIAL KATIA SASTRE;0002;200000.0;0.0;Emenda Individual - Transferências com Finalidade Definida;09/04/2020;FERRAZ DE VASCONCELOS;3515707;Empenho;FUNDO MUNICIPAL DE SAUDE;Ministério da Saúde;Outras Despesas Correntes;Contribuições;Saúde;Atenção básica;INCREMENTO TEMPORARIO AO CUSTEIO DOS SERVICOS DE ATENCAO PRIMARIA A SAUDE PARA CUMPRIMENTO DE METAS;NÃO
202041180002;2020;MARCO BERTAIOLLI;0002;224846.0;0.0;Emenda Individual - Transferências com Finalidade Definida;21/05/2020;FERRAZ DE VASCONCELOS;3515707;Empenho;FUNDO MUNICIPAL DE SAUDE;Ministério da Saúde;Investimentos;Auxílios;Saúde;Assistência hospitalar e ambulatorial;ESTRUTURACAO DE UNIDADES DE ATENCAO ESPECIALIZADA EM SAUDE;NÃO
202023560008;2020;ARNALDO JARDIM;0008;149995.0;0.0;Emenda Individual - Transferências com Finalidade Definida;04/05/2020;FERRAZ DE VASCONCELOS;3515707;Empenho;FUNDO MUNICIPAL DE SAUDE;Ministério da Saúde;Investimentos;Auxílios;Saúde;Atenção básica;ESTRUTURACAO DA REDE DE SERVICOS DE ATENCAO PRIMARIA A SAUDE;NÃO
202031350002;2020;ARLINDO CHINAGLIA;0002;100000.0;0.0;Emenda Individual - Transferências com Finalidade Definida;13/04/2020;FERRAZ DE VASCONCELOS;3515707;Empenho;FUNDO MUNICIPAL DE SAUDE;Ministério da Saúde;Outras Despesas Correntes;Contribuições;Saúde;Assistência hospitalar e ambulatorial;INCREMENTO TEMPORARIO AO CUSTEIO DOS SERVICOS DE ASSISTENCIA HOSPITALAR E AMBULATORIAL PARA CUMPRIMENTO DE METAS;NÃO
202041260003;2020;POLICIAL KATIA SASTRE;0003;0.0;100000.0;Emenda Individual - Transferências Especiais;26/06/2020;FERRAZ DE VASCONCELOS;3515707;Pagamento;MUNICIPIO DE FERRAZ DE VASCONCELOS;Ministério da Fazenda;Investimentos;Contribuições;Encargos especiais;Outras transferências;TRANSFERENCIAS ESPECIAIS;NÃO
202041260003;2020;POLICIAL KATIA SASTRE;0003;0.0;0.0;Emenda Individual - Transferências Especiais;25/06/2020;FERRAZ DE VASCONCELOS;3515707;Liquidação;MUNICIPIO DE FERRAZ DE VASCONCELOS;Ministério da Fazenda;Investimentos;Contribuições;Encargos especiais;Outras transferências;TRANSFERENCIAS ESPECIAIS;NÃO
202041260003;2020;POLICIAL KATIA SASTRE;0003;100000.0;0.0;Emenda Individual - Transferências Especiais;18/05/2020;FERRAZ DE VASCONCELOS;3515707;Empenho;MUNICIPIO DE FERRAZ DE VASCONCELOS;Ministério da Fazenda;Investimentos;Contribuições;Encargos especiais;Outras transferências;TRANSFERENCIAS ESPECIAIS;NÃO
202040360003;2020;LUIZ PHILIPPE DE ORLEANS E BRAGANCA;0003;50000.0;0.0;Emenda Individual - Transferências com Finalidade Definida;01/04/2020;FERRAZ DE VASCONCELOS;3515707;Empenho;FUNDO MUNICIPAL DE SAUDE;Ministério da Saúde;Outras Despesas Correntes;Contribuições;Saúde;Atenção básica;INCREMENTO TEMPORARIO AO CUSTEIO DOS SERVICOS DE ATENCAO PRIMARIA A SAUDE PARA CUMPRIMENTO DE METAS;NÃO
202081001503;2020;RELATOR GERAL;1503;0.0;0.0;Emenda de Relator;31/12/2020;FERRAZ DE VASCONCELOS;3515707;Liquidação;Sem informação;Ministério da Educação;Múltiplo;Múltiplo;Múltiplo;Múltiplo;Múltiplo;NÃO
202081001433;2020;RELATOR GERAL;1433;0.0;0.0;Emenda de Relator;31/12/2020;FERRAZ DE VASCONCELOS;3515707;Liquidação;Sem informação;Ministério da Educação;Múltiplo;Múltiplo;Múltiplo;Múltiplo;Múltiplo;NÃO
202023560008;2020;ARNALDO JARDIM;0008;0.0;0.0;Emenda Individual - Transferências com Finalidade Definida;28/12/2020;FERRAZ DE VASCONCELOS;3515707;Liquidação;BANCO DO BRASIL SA;Ministério da Saúde;Investimentos;Auxílios;Múltiplo;Múltiplo;Múltiplo;NÃO
202023560008;2020;ARNALDO JARDIM;0008;0.0;149995.0;Emenda Individual - Transferências com Finalidade Definida;28/12/2020;FERRAZ DE VASCONCELOS;3515707;Pagamento;BANCO DO BRASIL SA;Ministério da Saúde;Investimentos;Auxílios;Múltiplo;Múltiplo;Múltiplo;NÃO
202031350002;2020;ARLINDO CHINAGLIA;0002;0.0;0.0;Emenda Individual - Transferências com Finalidade Definida;29/04/2020;FERRAZ DE VASCONCELOS;3515707;Liquidação;BANCO DO BRASIL SA;Ministério da Saúde;Outras Despesas Correntes;Contribuições;Múltiplo;Múltiplo;Múltiplo;NÃO
202031350002;2020;ARLINDO CHINAGLIA;0002;0.0;0.0;Emenda Individual - Transferências com Finalidade Definida;30/04/2020;FERRAZ DE VASCONCELOS;3515707;Liquidação;BANCO DO BRASIL SA;Ministério da Saúde;Outras Despesas Correntes;Contribuições;Múltiplo;Múltiplo;Múltiplo;NÃO
202031350002;2020;ARLINDO CHINAGLIA;0002;0.0;100000.0;Emenda Individual - Transferências com Finalidade Definida;30/04/2020;FERRAZ DE VASCONCELOS;3515707;Pagamento;BANCO DO BRASIL SA;Ministério da Saúde;Outras Despesas Correntes;Contribuições;Múltiplo;Múltiplo;Múltiplo;NÃO
202031350002;2020;ARLINDO CHINAGLIA;0002;0.0;0.0;Emenda Individual - Transferências com Finalidade Definida;29/04/2020;FERRAZ DE VASCONCELOS;3515707;Liquidação;BANCO DO BRASIL SA;Ministério da Saúde;Outras Despesas Correntes;Contribuições;Múltiplo;Múltiplo;Múltiplo;NÃO
202040360003;2020;LUIZ PHILIPPE DE ORLEANS E BRAGANCA;0003;0.0;50000.0;Emenda Individual - Transferências com Finalidade Definida;08/04/2020;FERRAZ DE VASCONCELOS;3515707;Pagamento;BANCO DO BRASIL SA;Ministério da Saúde;Outras Despesas Correntes;Contribuições;Múltiplo;Múltiplo;Múltiplo;NÃO
202040360003;2020;LUIZ PHILIPPE DE ORLEANS E BRAGANCA;0003;0.0;0.0;Emenda Individual - Transferências com Finalidade Definida;08/04/2020;FERRAZ DE VASCONCELOS;3515707;Liquidação;BANCO DO BRASIL SA;Ministério da Saúde;Outras Despesas Correntes;Contribuições;Múltiplo;Múltiplo;Múltiplo;NÃO
202041260002;2020;POLICIAL KATIA SASTRE;0002;0.0;200000.0;Emenda Individual - Transferências com Finalidade Definida;30/04/2020;FERRAZ DE VASCONCELOS;3515707;Pagamento;BANCO DO BRASIL SA;Ministério da Saúde;Outras Despesas Correntes;Contribuições;Múltiplo;Múltiplo;Múltiplo;NÃO
202041260002;2020;POLICIAL KATIA SASTRE;0002;0.0;0.0;Emenda Individual - Transferências com Finalidade Definida;29/04/2020;FERRAZ DE VASCONCELOS;3515707;Liquidação;BANCO DO BRASIL SA;Ministério da Saúde;Outras Despesas Correntes;Contribuições;Múltiplo;Múltiplo;Múltiplo;NÃO
202041180002;2020;MARCO BERTAIOLLI;0002;0.0;0.0;Emenda Individual - Transferências com Finalidade Definida;31/12/2020;FERRAZ DE VASCONCELOS;3515707;Liquidação;Sem informação;Ministério da Saúde;Múltiplo;Múltiplo;Múltiplo;Múltiplo;Múltiplo;NÃO
202081000179;2020;RELATOR GERAL;0179;0.0;0.0;Emenda de Relator;31/12/2020;FERRAZ DE VASCONCELOS;3515707;Liquidação;Sem informação;Ministério da Agricultura e Pecuária;Múltiplo;Múltiplo;Múltiplo;Múltiplo;Múltiplo;NÃO
202141260003;2021;POLICIAL KATIA SASTRE;0003;0.0;215000.0;Emenda Individual - Transferências Especiais;02/08/2021;FERRAZ DE VASCONCELOS;3515707;Pagamento;MUNICIPIO DE FERRAZ DE VASCONCELOS;Ministério da Fazenda;Investimentos;Contribuições;Encargos especiais;Outras transferências;TRANSFERENCIAS ESPECIAIS;NÃO
202141260003;2021;POLICIAL KATIA SASTRE;0003;0.0;0.0;Emenda Individual - Transferências Especiais;30/07/2021;FERRAZ DE VASCONCELOS;3515707;Liquidação;MUNICIPIO DE FERRAZ DE VASCONCELOS;Ministério da Fazenda;Investimentos;Contribuições;Encargos especiais;Outras transferências;TRANSFERENCIAS ESPECIAIS;NÃO
202141260003;2021;POLICIAL KATIA SASTRE;0003;0.0;85000.0;Emenda Individual - Transferências Especiais;02/08/2021;FERRAZ DE VASCONCELOS;3515707;Pagamento;MUNICIPIO DE FERRAZ DE VASCONCELOS;Ministério da Fazenda;Outras Despesas Correntes;Contribuições;Encargos especiais;Outras transferências;TRANSFERENCIAS ESPECIAIS;NÃO
202141260003;2021;POLICIAL KATIA SASTRE;0003;85000.0;0.0;Emenda Individual - Transferências Especiais;08/07/2021;FERRAZ DE VASCONCELOS;3515707;Empenho;MUNICIPIO DE FERRAZ DE VASCONCELOS;Ministério da Fazenda;Outras Despesas Correntes;Contribuições;Encargos especiais;Outras transferências;TRANSFERENCIAS ESPECIAIS;NÃO
202141260003;2021;POLICIAL KATIA SASTRE;0003;0.0;0.0;Emenda Individual - Transferências Especiais;30/07/2021;FERRAZ DE VASCONCELOS;3515707;Liquidação;MUNICIPIO DE FERRAZ DE VASCONCELOS;Ministério da Fazenda;Outras Despesas Correntes;Contribuições;Encargos especiais;Outras transferências;TRANSFERENCIAS ESPECIAIS;NÃO
202141260003;2021;POLICIAL KATIA SASTRE;0003;215000.0;0.0;Emenda Individual - Transferências Especiais;08/07/2021;FERRAZ DE VASCONCELOS;3515707;Empenho;MUNICIPIO DE FERRAZ DE VASCONCELOS;Ministério da Fazenda;Investimentos;Contribuições;Encargos especiais;Outras transferências;TRANSFERENCIAS ESPECIAIS;NÃO
202137350005;2021;NILTO TATTO;0005;0.0;430000.0;Emenda Individual - Transferências Especiais;02/08/2021;FERRAZ DE VASCONCELOS;3515707;Pagamento;MUNICIPIO DE FERRAZ DE VASCONCELOS;Ministério da Fazenda;Investimentos;Contribuições;Encargos especiais;Outras transferências;TRANSFERENCIAS ESPECIAIS;NÃO
202137350005;2021;NILTO TATTO;0005;0.0;0.0;Emenda Individual - Transferências Especiais;30/07/2021;FERRAZ DE VASCONCELOS;3515707;Liquidação;MUNICIPIO DE FERRAZ DE VASCONCELOS;Ministério da Fazenda;Investimentos;Contribuições;Encargos especiais;Outras transferências;TRANSFERENCIAS ESPECIAIS;NÃO
202137350005;2021;NILTO TATTO;0005;430000.0;0.0;Emenda Individual - Transferências Especiais;09/07/2021;FERRAZ DE VASCONCELOS;3515707;Empenho;MUNICIPIO DE FERRAZ DE VASCONCELOS;Ministério da Fazenda;Investimentos;Contribuições;Encargos especiais;Outras transferências;TRANSFERENCIAS ESPECIAIS;NÃO
202181000791;2021;RELATOR GERAL;0791;200000.0;0.0;Emenda de Relator;29/12/2021;FERRAZ DE VASCONCELOS;3515707;Empenho;MUNICIPIO DE FERRAZ DE VASCONCELOS;Ministério da Educação;Investimentos;Auxílios;Educação;Educação básica;APOIO A INFRAESTRUTURA PARA A EDUCACAO BASICA;NÃO
202190320006;2021;RUI FALCAO;0006;0.0;0.0;Emenda Individual - Transferências Especiais;30/07/2021;FERRAZ DE VASCONCELOS;3515707;Liquidação;MUNICIPIO DE FERRAZ DE VASCONCELOS;Ministério da Fazenda;Investimentos;Contribuições;Encargos especiais;Outras transferências;TRANSFERENCIAS ESPECIAIS;NÃO
202190320006;2021;RUI FALCAO;0006;400000.0;0.0;Emenda Individual - Transferências Especiais;08/07/2021;FERRAZ DE VASCONCELOS;3515707;Empenho;MUNICIPIO DE FERRAZ DE VASCONCELOS;Ministério da Fazenda;Investimentos;Contribuições;Encargos especiais;Outras transferências;TRANSFERENCIAS ESPECIAIS;NÃO
202190320006;2021;RUI FALCAO;0006;0.0;400000.0;Emenda Individual - Transferências Especiais;02/08/2021;FERRAZ DE VASCONCELOS;3515707;Pagamento;MUNICIPIO DE FERRAZ DE VASCONCELOS;Ministério da Fazenda;Investimentos;Contribuições;Encargos especiais;Outras transferências;TRANSFERENCIAS ESPECIAIS;NÃO
202131600002;2021;CELSO RUSSOMANNO;0002;200000.0;0.0;Emenda Individual - Transferências com Finalidade Definida;28/06/2021;FERRAZ DE VASCONCELOS;3515707;Empenho;FUNDO MUNICIPAL DE SAUDE;Ministério da Saúde;Outras Despesas Correntes;Contribuições;Saúde;Atenção básica;INCREMENTO TEMPORARIO AO CUSTEIO DOS SERVICOS DE ATENCAO PRIMARIA A SAUDE PARA CUMPRIMENTO DE METAS;NÃO
202115810016;2021;JEFFERSON CAMPOS;0016;11250.0;0.0;Emenda Individual - Transferências com Finalidade Definida;10/08/2021;FERRAZ DE VASCONCELOS;3515707;Empenho;CAIXA ECONOMICA FEDERAL;Ministério do Esporte;Investimentos;Outros Serviços de Terceiros - Pessoa Jurídica;Desporto e lazer;Desporto comunitário;IMPLANTACAO E MODERNIZACAO DE INFRAESTRUTURA PARA ESPORTE EDUCACIONAL, RECREATIVO E DE LAZER;NÃO
202192290010;2021;MAJOR OLIMPIO;0010;0.0;0.0;Emenda Individual - Transferências Especiais;30/07/2021;FERRAZ DE VASCONCELOS;3515707;Liquidação;MUNICIPIO DE FERRAZ DE VASCONCELOS;Ministério da Fazenda;Investimentos;Contribuições;Encargos especiais;Outras transferências;TRANSFERENCIAS ESPECIAIS;NÃO
202192290010;2021;MAJOR OLIMPIO;0010;1200000.0;0.0;Emenda Individual - Transferências Especiais;08/07/2021;FERRAZ DE VASCONCELOS;3515707;Empenho;MUNICIPIO DE FERRAZ DE VASCONCELOS;Ministério da Fazenda;Investimentos;Contribuições;Encargos especiais;Outras transferências;TRANSFERENCIAS ESPECIAIS;NÃO
202192290010;2021;MAJOR OLIMPIO;0010;0.0;1200000.0;Emenda Individual - Transferências Especiais;02/08/2021;FERRAZ DE VASCONCELOS;3515707;Pagamento;MUNICIPIO DE FERRAZ DE VASCONCELOS;Ministério da Fazenda;Investimentos;Contribuições;Encargos especiais;Outras transferências;TRANSFERENCIAS ESPECIAIS;NÃO
202041180002;2020;MARCO BERTAIOLLI;0002;0.0;224846.0;Emenda Individual - Transferências com Finalidade Definida;11/06/2021;FERRAZ DE VASCONCELOS;3515707;Pagamento;BANCO DO BRASIL SA;Ministério da Saúde;Investimentos;Auxílios;Múltiplo;Múltiplo;Múltiplo;NÃO
202041180002;2020;MARCO BERTAIOLLI;0002;0.0;0.0;Emenda Individual - Transferências com Finalidade Definida;10/06/2021;FERRAZ DE VASCONCELOS;3515707;Liquidação;BANCO DO BRASIL SA;Ministério da Saúde;Investimentos;Auxílios;Múltiplo;Múltiplo;Múltiplo;NÃO
202126200005;2021;MILTON VIEIRA;0005;0.0;1500000.0;Emenda Individual - Transferências Especiais;02/08/2021;FERRAZ DE VASCONCELOS;3515707;Pagamento;MUNICIPIO DE FERRAZ DE VASCONCELOS;Ministério da Fazenda;Investimentos;Contribuições;Encargos especiais;Outras transferências;TRANSFERENCIAS ESPECIAIS;NÃO
202126200005;2021;MILTON VIEIRA;0005;0.0;0.0;Emenda Individual - Transferências Especiais;30/07/2021;FERRAZ DE VASCONCELOS;3515707;Liquidação;MUNICIPIO DE FERRAZ DE VASCONCELOS;Ministério da Fazenda;Investimentos;Contribuições;Encargos especiais;Outras transferências;TRANSFERENCIAS ESPECIAIS;NÃO
202126200005;2021;MILTON VIEIRA;0005;1500000.0;0.0;Emenda Individual - Transferências Especiais;09/07/2021;FERRAZ DE VASCONCELOS;3515707;Empenho;MUNICIPIO DE FERRAZ DE VASCONCELOS;Ministério da Fazenda;Investimentos;Contribuições;Encargos especiais;Outras transferências;TRANSFERENCIAS ESPECIAIS;NÃO
202181000791;2021;RELATOR GERAL;0791;0.0;0.0;Emenda de Relator;31/12/2021;FERRAZ DE VASCONCELOS;3515707;Liquidação;Sem informação;Ministério da Educação;Múltiplo;Múltiplo;Múltiplo;Múltiplo;Múltiplo;NÃO
202115810016;2021;JEFFERSON CAMPOS;0016;0.0;0.0;Emenda Individual - Transferências com Finalidade Definida;31/12/2021;FERRAZ DE VASCONCELOS;3515707;Liquidação;Sem informação;Ministério do Esporte;Múltiplo;Múltiplo;Múltiplo;Múltiplo;Múltiplo;NÃO
201928040007;2019;JUNJI ABE;0007;0.0;0.0;Emenda Individual - Transferências com Finalidade Definida;31/12/2021;FERRAZ DE VASCONCELOS;3515707;Liquidação;CAIXA ECONOMICA FEDERAL;Ministério da Integração e do Desenvolvimento Regional;Investimentos;Outros Serviços de Terceiros - Pessoa Jurídica;Múltiplo;Múltiplo;Múltiplo;NÃO
202131600002;2021;CELSO RUSSOMANNO;0002;0.0;0.0;Emenda Individual - Transferências com Finalidade Definida;02/09/2021;FERRAZ DE VASCONCELOS;3515707;Liquidação;BANCO DO BRASIL SA;Ministério da Saúde;Outras Despesas Correntes;Contribuições;Múltiplo;Múltiplo;Múltiplo;NÃO
202131600002;2021;CELSO RUSSOMANNO;0002;0.0;200000.0;Emenda Individual - Transferências com Finalidade Definida;03/09/2021;FERRAZ DE VASCONCELOS;3515707;Pagamento;BANCO DO BRASIL SA;Ministério da Saúde;Outras Despesas Correntes;Contribuições;Múltiplo;Múltiplo;Múltiplo;NÃO
202115810016;2021;JEFFERSON CAMPOS;0016;0.0;1400.0;Emenda Individual - Transferências com Finalidade Definida;07/10/2021;FERRAZ DE VASCONCELOS;3515707;Pagamento;CAIXA ECONOMICA FEDERAL;Ministério do Esporte;Investimentos;Outros Serviços de Terceiros - Pessoa Jurídica;Múltiplo;Múltiplo;Múltiplo;NÃO
202115810016;2021;JEFFERSON CAMPOS;0016;0.0;2100.0;Emenda Individual - Transferências com Finalidade Definida;19/11/2021;FERRAZ DE VASCONCELOS;3515707;Pagamento;CAIXA ECONOMICA FEDERAL;Ministério do Esporte;Investimentos;Outros Serviços de Terceiros - Pessoa Jurídica;Múltiplo;Múltiplo;Múltiplo;NÃO
202115810016;2021;JEFFERSON CAMPOS;0016;0.0;0.0;Emenda Individual - Transferências com Finalidade Definida;05/11/2021;FERRAZ DE VASCONCELOS;3515707;Liquidação;CAIXA ECONOMICA FEDERAL;Ministério do Esporte;Investimentos;Outros Serviços de Terceiros - Pessoa Jurídica;Múltiplo;Múltiplo;Múltiplo;NÃO
202115810016;2021;JEFFERSON CAMPOS;0016;0.0;0.0;Emenda Individual - Transferências com Finalidade Definida;06/10/2021;FERRAZ DE VASCONCELOS;3515707;Liquidação;CAIXA ECONOMICA FEDERAL;Ministério do Esporte;Investimentos;Outros Serviços de Terceiros - Pessoa Jurídica;Múltiplo;Múltiplo;Múltiplo;NÃO
202115810016;2021;JEFFERSON CAMPOS;0016;0.0;0.0;Emenda Individual - Transferências com Finalidade Definida;31/12/2021;FERRAZ DE VASCONCELOS;3515707;Liquidação;Sem informação;Ministério do Esporte;Múltiplo;Múltiplo;Múltiplo;Múltiplo;Múltiplo;NÃO
202081001433;2020;RELATOR GERAL;1433;0.0;0.0;Emenda de Relator;25/10/2022;FERRAZ DE VASCONCELOS;3515707;Liquidação;MUNICIPIO DE FERRAZ DE VASCONCELOS;Ministério da Educação;Investimentos;Auxílios;Educação;Educação básica;APOIO A INFRAESTRUTURA PARA A EDUCACAO BASICA;NÃO
201928040007;2019;JUNJI ABE;0007;0.0;0.0;Emenda Individual - Transferências com Finalidade Definida;30/12/2022;FERRAZ DE VASCONCELOS;3515707;Liquidação;MUNICIPIO DE FERRAZ DE VASCONCELOS;Ministério das Cidades;Investimentos;Auxílios;Urbanismo;infra-estrutura urbana;APOIO A POLITICA NACIONAL DE DESENVOLVIMENTO URBANO VOLTADO A IMPLANTACAO E QUALIFICACAO VIARIA;NÃO
202081001503;2020;RELATOR GERAL;1503;0.0;0.0;Emenda de Relator;20/10/2022;FERRAZ DE VASCONCELOS;3515707;Liquidação;MUNICIPIO DE FERRAZ DE VASCONCELOS;Ministério da Educação;Investimentos;Auxílios;Educação;Educação básica;APOIO A INFRAESTRUTURA PARA A EDUCACAO BASICA;NÃO
202219970016;2022;VICENTINHO;0016;0.0;0.0;Emenda Individual - Transferências Especiais;28/06/2022;FERRAZ DE VASCONCELOS;3515707;Liquidação;MUNICIPIO DE FERRAZ DE VASCONCELOS;Ministério da Fazenda;Investimentos;Contribuições;Encargos especiais;Outras transferências;TRANSFERENCIAS ESPECIAIS;NÃO
202219970016;2022;VICENTINHO;0016;150000.0;0.0;Emenda Individual - Transferências Especiais;17/05/2022;FERRAZ DE VASCONCELOS;3515707;Empenho;MUNICIPIO DE FERRAZ DE VASCONCELOS;Ministério da Fazenda;Investimentos;Contribuições;Encargos especiais;Outras transferências;TRANSFERENCIAS ESPECIAIS;NÃO
202219970016;2022;VICENTINHO;0016;0.0;150000.0;Emenda Individual - Transferências Especiais;01/07/2022;FERRAZ DE VASCONCELOS;3515707;Pagamento;MUNICIPIO DE FERRAZ DE VASCONCELOS;Ministério da Fazenda;Investimentos;Contribuições;Encargos especiais;Outras transferências;TRANSFERENCIAS ESPECIAIS;NÃO
202225200009;2022;CARLOS ZARATTINI;0009;200000.0;0.0;Emenda Individual - Transferências Especiais;17/05/2022;FERRAZ DE VASCONCELOS;3515707;Empenho;MUNICIPIO DE FERRAZ DE VASCONCELOS;Ministério da Fazenda;Outras Despesas Correntes;Contribuições;Encargos especiais;Outras transferências;TRANSFERENCIAS ESPECIAIS;NÃO
202281000312;2022;RELATOR GERAL;0312;0.0;0.0;Emenda de Relator;28/06/2022;FERRAZ DE VASCONCELOS;3515707;Liquidação;BANCO DO BRASIL SA;Ministério da Saúde;Outras Despesas Correntes;Contribuições;Saúde;Atenção básica;INCREMENTO TEMPORARIO AO CUSTEIO DOS SERVICOS DE ATENCAO PRIMARIA A SAUDE PARA CUMPRIMENTO DE METAS;NÃO
202237370002;2022;ORLANDO SILVA;0002;231332.0;0.0;Emenda Individual - Transferências com Finalidade Definida;12/12/2022;FERRAZ DE VASCONCELOS;3515707;Empenho;FUNDO MUNICIPAL DE SAUDE;Ministério da Saúde;Outras Despesas Correntes;Contribuições;Saúde;Atenção básica;INCREMENTO TEMPORARIO AO CUSTEIO DOS SERVICOS DE ATENCAO PRIMARIA A SAUDE PARA CUMPRIMENTO DE METAS;NÃO
202241260003;2022;POLICIAL KATIA SASTRE;0003;0.0;150000.0;Emenda Individual - Transferências Especiais;01/07/2022;FERRAZ DE VASCONCELOS;3515707;Pagamento;MUNICIPIO DE FERRAZ DE VASCONCELOS;Ministério da Fazenda;Investimentos;Contribuições;Encargos especiais;Outras transferências;TRANSFERENCIAS ESPECIAIS;NÃO
202241260003;2022;POLICIAL KATIA SASTRE;0003;0.0;0.0;Emenda Individual - Transferências Especiais;28/06/2022;FERRAZ DE VASCONCELOS;3515707;Liquidação;MUNICIPIO DE FERRAZ DE VASCONCELOS;Ministério da Fazenda;Investimentos;Contribuições;Encargos especiais;Outras transferências;TRANSFERENCIAS ESPECIAIS;NÃO
202241260003;2022;POLICIAL KATIA SASTRE;0003;150000.0;0.0;Emenda Individual - Transferências Especiais;17/05/2022;FERRAZ DE VASCONCELOS;3515707;Empenho;MUNICIPIO DE FERRAZ DE VASCONCELOS;Ministério da Fazenda;Investimentos;Contribuições;Encargos especiais;Outras transferências;TRANSFERENCIAS ESPECIAIS;NÃO
202241260002;2022;POLICIAL KATIA SASTRE;0002;200000.0;0.0;Emenda Individual - Transferências com Finalidade Definida;25/04/2022;FERRAZ DE VASCONCELOS;3515707;Empenho;FUNDO MUNICIPAL DE SAUDE;Ministério da Saúde;Outras Despesas Correntes;Contribuições;Saúde;Atenção básica;INCREMENTO TEMPORARIO AO CUSTEIO DOS SERVICOS DE ATENCAO PRIMARIA A SAUDE PARA CUMPRIMENTO DE METAS;NÃO
202281000312;2022;RELATOR GERAL;0312;0.0;2000000.0;Emenda de Relator;29/06/2022;FERRAZ DE VASCONCELOS;3515707;Pagamento;BANCO DO BRASIL SA;Ministério da Saúde;Outras Despesas Correntes;Contribuições;Saúde;Atenção básica;INCREMENTO TEMPORARIO AO CUSTEIO DOS SERVICOS DE ATENCAO PRIMARIA A SAUDE PARA CUMPRIMENTO DE METAS;NÃO
202281000312;2022;RELATOR GERAL;0312;2000000.0;0.0;Emenda de Relator;24/06/2022;FERRAZ DE VASCONCELOS;3515707;Empenho;FUNDO MUNICIPAL DE SAUDE;Ministério da Saúde;Outras Despesas Correntes;Contribuições;Saúde;Atenção básica;INCREMENTO TEMPORARIO AO CUSTEIO DOS SERVICOS DE ATENCAO PRIMARIA A SAUDE PARA CUMPRIMENTO DE METAS;NÃO
202081001433;2020;RELATOR GERAL;1433;0.0;0.0;Emenda de Relator;30/06/2022;FERRAZ DE VASCONCELOS;3515707;Liquidação;Sem informação;Ministério da Educação;Múltiplo;Múltiplo;Múltiplo;Múltiplo;Múltiplo;NÃO
202241260002;2022;POLICIAL KATIA SASTRE;0002;0.0;200000.0;Emenda Individual - Transferências com Finalidade Definida;15/06/2022;FERRAZ DE VASCONCELOS;3515707;Pagamento;BANCO DO BRASIL SA;Ministério da Saúde;Outras Despesas Correntes;Contribuições;Múltiplo;Múltiplo;Múltiplo;NÃO
202241260002;2022;POLICIAL KATIA SASTRE;0002;0.0;0.0;Emenda Individual - Transferências com Finalidade Definida;15/06/2022;FERRAZ DE VASCONCELOS;3515707;Liquidação;BANCO DO BRASIL SA;Ministério da Saúde;Outras Despesas Correntes;Contribuições;Múltiplo;Múltiplo;Múltiplo;NÃO
202081001503;2020;RELATOR GERAL;1503;0.0;0.0;Emenda de Relator;30/06/2022;FERRAZ DE VASCONCELOS;3515707;Liquidação;Sem informação;Ministério da Educação;Múltiplo;Múltiplo;Múltiplo;Múltiplo;Múltiplo;NÃO
202081000179;2020;RELATOR GERAL;0179;0.0;0.0;Emenda de Relator;11/11/2022;FERRAZ DE VASCONCELOS;3515707;Liquidação;SECRETARIA DE DESENVOLVIMENTO RURAL;Ministério da Agricultura e Pecuária;Múltiplo;Múltiplo;Múltiplo;Múltiplo;Múltiplo;NÃO
202225200009;2022;CARLOS ZARATTINI;0009;0.0;0.0;Emenda Individual - Transferências Especiais;31/12/2022;FERRAZ DE VASCONCELOS;3515707;Liquidação;Sem informação;Ministério da Fazenda;Múltiplo;Múltiplo;Múltiplo;Múltiplo;Múltiplo;NÃO
202081000179;2020;RELATOR GERAL;0179;0.0;0.0;Emenda de Relator;30/06/2022;FERRAZ DE VASCONCELOS;3515707;Liquidação;Sem informação;Ministério da Agricultura e Pecuária;Múltiplo;Múltiplo;Múltiplo;Múltiplo;Múltiplo;NÃO
202237370002;2022;ORLANDO SILVA;0002;0.0;0.0;Emenda Individual - Transferências com Finalidade Definida;31/12/2022;FERRAZ DE VASCONCELOS;3515707;Liquidação;Sem informação;Ministério da Saúde;Outras Despesas Correntes;Contribuições;Múltiplo;Múltiplo;Múltiplo;NÃO
202327990012;2023;ELI CORREA FILHO;0012;2000000.0;0.0;Emenda Individual - Transferências com Finalidade Definida;21/07/2023;FERRAZ DE VASCONCELOS;3515707;Empenho;FUNDO MUNICIPAL DE SAUDE;Ministério da Saúde;Outras Despesas Correntes;Contribuições;Saúde;Atenção básica;INCREMENTO TEMPORARIO AO CUSTEIO DOS SERVICOS DE ATENCAO PRIMARIA A SAUDE PARA CUMPRIMENTO DE METAS;NÃO
202327990012;2023;ELI CORREA FILHO;0012;1258418.0;0.0;Emenda Individual - Transferências com Finalidade Definida;13/09/2023;FERRAZ DE VASCONCELOS;3515707;Empenho;FUNDO MUNICIPAL DE SAUDE;Ministério da Saúde;Outras Despesas Correntes;Contribuições;Saúde;Atenção básica;INCREMENTO TEMPORARIO AO CUSTEIO DOS SERVICOS DE ATENCAO PRIMARIA A SAUDE PARA CUMPRIMENTO DE METAS;NÃO
202319970003;2023;VICENTINHO;0003;0.0;200000.0;Emenda Individual - Transferências Especiais;30/08/2023;FERRAZ DE VASCONCELOS;3515707;Pagamento;MUNICIPIO DE FERRAZ DE VASCONCELOS;Ministério da Fazenda;Investimentos;Contribuições;Encargos especiais;Outras transferências;TRANSFERENCIAS ESPECIAIS;NÃO
202319970003;2023;VICENTINHO;0003;0.0;0.0;Emenda Individual - Transferências Especiais;21/08/2023;FERRAZ DE VASCONCELOS;3515707;Liquidação;MUNICIPIO DE FERRAZ DE VASCONCELOS;Ministério da Fazenda;Investimentos;Contribuições;Encargos especiais;Outras transferências;TRANSFERENCIAS ESPECIAIS;NÃO
202319970003;2023;VICENTINHO;0003;200000.0;0.0;Emenda Individual - Transferências Especiais;05/07/2023;FERRAZ DE VASCONCELOS;3515707;Empenho;MUNICIPIO DE FERRAZ DE VASCONCELOS;Ministério da Fazenda;Investimentos;Contribuições;Encargos especiais;Outras transferências;TRANSFERENCIAS ESPECIAIS;NÃO
201837350009;2018;NILTO TATTO;0009;0.0;373946.36;Emenda Individual - Transferências com Finalidade Definida;04/10/2023;FERRAZ DE VASCONCELOS;3515707;Pagamento;MUNICIPIO DE FERRAZ DE VASCONCELOS;Ministério do Esporte;Investimentos;Auxílios;Desporto e lazer;Desporto comunitário;IMPLANTACAO E MODERNIZACAO DE INFRAESTRUTURA PARA ESPORTE EDUCACIONAL, RECREATIVO E DE LAZER;SIM
201837350009;2018;NILTO TATTO;0009;0.0;0.0;Emenda Individual - Transferências com Finalidade Definida;28/12/2023;FERRAZ DE VASCONCELOS;3515707;Liquidação;MUNICIPIO DE FERRAZ DE VASCONCELOS;Ministério do Esporte;Investimentos;Auxílios;Desporto e lazer;Desporto comunitário;IMPLANTACAO E MODERNIZACAO DE INFRAESTRUTURA PARA ESPORTE EDUCACIONAL, RECREATIVO E DE LAZER;NÃO
201837350009;2018;NILTO TATTO;0009;0.0;0.0;Emenda Individual - Transferências com Finalidade Definida;03/10/2023;FERRAZ DE VASCONCELOS;3515707;Liquidação;MUNICIPIO DE FERRAZ DE VASCONCELOS;Ministério do Esporte;Investimentos;Auxílios;Desporto e lazer;Desporto comunitário;IMPLANTACAO E MODERNIZACAO DE INFRAESTRUTURA PARA ESPORTE EDUCACIONAL, RECREATIVO E DE LAZER;NÃO
202337170006;2023;MARCIO ALVINO;0006;0.0;100000.0;Emenda Individual - Transferências com Finalidade Definida;30/11/2023;FERRAZ DE VASCONCELOS;3515707;Pagamento;BANCO DO BRASIL SA;Ministério do Desenvolvimento e Assistência Social, Família e Combate à Fome;Outras Despesas Correntes;Contribuições;Assistência social;Assistência comunitária;ESTRUTURACAO DA REDE DE SERVICOS E FORTALECIMENTO DA GESTAO DO SISTEMA UNICO DE ASSISTENCIA SOCIAL (SUAS);NÃO
202337170006;2023;MARCIO ALVINO;0006;0.0;0.0;Emenda Individual - Transferências com Finalidade Definida;29/11/2023;FERRAZ DE VASCONCELOS;3515707;Liquidação;BANCO DO BRASIL SA;Ministério do Desenvolvimento e Assistência Social, Família e Combate à Fome;Outras Despesas Correntes;Contribuições;Assistência social;Assistência comunitária;ESTRUTURACAO DA REDE DE SERVICOS E FORTALECIMENTO DA GESTAO DO SISTEMA UNICO DE ASSISTENCIA SOCIAL (SUAS);NÃO
202338960004;2023;ABOU ANNI;0004;0.0;0.0;Emenda Individual - Transferências Especiais;05/12/2023;FERRAZ DE VASCONCELOS;3515707;Liquidação;MUNICIPIO DE FERRAZ DE VASCONCELOS;Ministério da Fazenda;Outras Despesas Correntes;Contribuições;Encargos especiais;Outras transferências;TRANSFERENCIAS ESPECIAIS;NÃO
202338960004;2023;ABOU ANNI;0004;0.0;100000.0;Emenda Individual - Transferências Especiais;11/12/2023;FERRAZ DE VASCONCELOS;3515707;Pagamento;MUNICIPIO DE FERRAZ DE VASCONCELOS;Ministério da Fazenda;Outras Despesas Correntes;Contribuições;Encargos especiais;Outras transferências;TRANSFERENCIAS ESPECIAIS;NÃO
202338960004;2023;ABOU ANNI;0004;0.0;31733.0;Emenda Individual - Transferências Especiais;11/12/2023;FERRAZ DE VASCONCELOS;3515707;Pagamento;MUNICIPIO DE FERRAZ DE VASCONCELOS;Ministério da Fazenda;Investimentos;Contribuições;Encargos especiais;Outras transferências;TRANSFERENCIAS ESPECIAIS;NÃO
202338960004;2023;ABOU ANNI;0004;0.0;0.0;Emenda Individual - Transferências Especiais;05/12/2023;FERRAZ DE VASCONCELOS;3515707;Liquidação;MUNICIPIO DE FERRAZ DE VASCONCELOS;Ministério da Fazenda;Investimentos;Contribuições;Encargos especiais;Outras transferências;TRANSFERENCIAS ESPECIAIS;NÃO
202338960004;2023;ABOU ANNI;0004;31733.0;0.0;Emenda Individual - Transferências Especiais;05/07/2023;FERRAZ DE VASCONCELOS;3515707;Empenho;MUNICIPIO DE FERRAZ DE VASCONCELOS;Ministério da Fazenda;Investimentos;Contribuições;Encargos especiais;Outras transferências;TRANSFERENCIAS ESPECIAIS;NÃO
202338960004;2023;ABOU ANNI;0004;100000.0;0.0;Emenda Individual - Transferências Especiais;05/07/2023;FERRAZ DE VASCONCELOS;3515707;Empenho;MUNICIPIO DE FERRAZ DE VASCONCELOS;Ministério da Fazenda;Outras Despesas Correntes;Contribuições;Encargos especiais;Outras transferências;TRANSFERENCIAS ESPECIAIS;NÃO
202337170006;2023;MARCIO ALVINO;0006;100000.0;0.0;Emenda Individual - Transferências com Finalidade Definida;17/10/2023;FERRAZ DE VASCONCELOS;3515707;Empenho;FUNDO MUNICIPAL DE ASSISTENCIA SOCIAL;Ministério do Desenvolvimento e Assistência Social, Família e Combate à Fome;Outras Despesas Correntes;Contribuições;Assistência social;Assistência comunitária;ESTRUTURACAO DA REDE DE SERVICOS E FORTALECIMENTO DA GESTAO DO SISTEMA UNICO DE ASSISTENCIA SOCIAL (SUAS);NÃO
201928040007;2019;JUNJI ABE;0007;0.0;0.0;Emenda Individual - Transferências com Finalidade Definida;27/12/2023;FERRAZ DE VASCONCELOS;3515707;Liquidação;MUNICIPIO DE FERRAZ DE VASCONCELOS;Ministério das Cidades;Investimentos;Auxílios;Urbanismo;infra-estrutura urbana;APOIO A POLITICA NACIONAL DE DESENVOLVIMENTO URBANO VOLTADO A IMPLANTACAO E QUALIFICACAO VIARIA;NÃO
201928040007;2019;JUNJI ABE;0007;0.0;237365.85;Emenda Individual - Transferências com Finalidade Definida;28/12/2023;FERRAZ DE VASCONCELOS;3515707;Pagamento;MUNICIPIO DE FERRAZ DE VASCONCELOS;Ministério das Cidades;Investimentos;Auxílios;Urbanismo;infra-estrutura urbana;APOIO A POLITICA NACIONAL DE DESENVOLVIMENTO URBANO VOLTADO A IMPLANTACAO E QUALIFICACAO VIARIA;NÃO
202338960008;2023;ABOU ANNI;0008;2000000.0;0.0;Emenda Individual - Transferências com Finalidade Definida;21/07/2023;FERRAZ DE VASCONCELOS;3515707;Empenho;FUNDO MUNICIPAL DE SAUDE;Ministério da Saúde;Outras Despesas Correntes;Contribuições;Saúde;Atenção básica;INCREMENTO TEMPORARIO AO CUSTEIO DOS SERVICOS DE ATENCAO PRIMARIA A SAUDE PARA CUMPRIMENTO DE METAS;NÃO
202225200009;2022;CARLOS ZARATTINI;0009;0.0;200000.0;Emenda Individual - Transferências Especiais;29/03/2023;FERRAZ DE VASCONCELOS;3515707;Pagamento;MUNICIPIO DE FERRAZ DE VASCONCELOS;Ministério da Fazenda;Outras Despesas Correntes;Contribuições;Encargos especiais;Outras transferências;TRANSFERENCIAS ESPECIAIS;NÃO
202225200009;2022;CARLOS ZARATTINI;0009;0.0;0.0;Emenda Individual - Transferências Especiais;28/03/2023;FERRAZ DE VASCONCELOS;3515707;Liquidação;MUNICIPIO DE FERRAZ DE VASCONCELOS;Ministério da Fazenda;Outras Despesas Correntes;Contribuições;Encargos especiais;Outras transferências;TRANSFERENCIAS ESPECIAIS;NÃO
202360110003;2023;COM. DESENV REGIONAL E TURISMO;0003;5743773.0;0.0;Emenda de Comissão;28/12/2023;FERRAZ DE VASCONCELOS;3515707;Empenho;MUNICIPIO DE FERRAZ DE VASCONCELOS;Ministério das Cidades;Investimentos;Auxílios;Urbanismo;infra-estrutura urbana;APOIO A POLITICA NACIONAL DE DESENVOLVIMENTO URBANO VOLTADO A IMPLANTACAO E QUALIFICACAO VIARIA;SIM
202331340005;2023;FAUSTO PINATO;0005;0.0;0.0;Emenda Individual - Transferências Especiais;05/12/2023;FERRAZ DE VASCONCELOS;3515707;Liquidação;MUNICIPIO DE FERRAZ DE VASCONCELOS;Ministério da Fazenda;Investimentos;Contribuições;Encargos especiais;Outras transferências;TRANSFERENCIAS ESPECIAIS;NÃO
202331340005;2023;FAUSTO PINATO;0005;0.0;397836.0;Emenda Individual - Transferências Especiais;11/12/2023;FERRAZ DE VASCONCELOS;3515707;Pagamento;MUNICIPIO DE FERRAZ DE VASCONCELOS;Ministério da Fazenda;Investimentos;Contribuições;Encargos especiais;Outras transferências;TRANSFERENCIAS ESPECIAIS;NÃO
202331340005;2023;FAUSTO PINATO;0005;0.0;1402164.0;Emenda Individual - Transferências Especiais;11/12/2023;FERRAZ DE VASCONCELOS;3515707;Pagamento;MUNICIPIO DE FERRAZ DE VASCONCELOS;Ministério da Fazenda;Outras Despesas Correntes;Contribuições;Encargos especiais;Outras transferências;TRANSFERENCIAS ESPECIAIS;NÃO
202331340005;2023;FAUSTO PINATO;0005;397836.0;0.0;Emenda Individual - Transferências Especiais;05/07/2023;FERRAZ DE VASCONCELOS;3515707;Empenho;MUNICIPIO DE FERRAZ DE VASCONCELOS;Ministério da Fazenda;Investimentos;Contribuições;Encargos especiais;Outras transferências;TRANSFERENCIAS ESPECIAIS;NÃO
202331340005;2023;FAUSTO PINATO;0005;0.0;0.0;Emenda Individual - Transferências Especiais;05/12/2023;FERRAZ DE VASCONCELOS;3515707;Liquidação;MUNICIPIO DE FERRAZ DE VASCONCELOS;Ministério da Fazenda;Outras Despesas Correntes;Contribuições;Encargos especiais;Outras transferências;TRANSFERENCIAS ESPECIAIS;NÃO
202331340005;2023;FAUSTO PINATO;0005;1402164.0;0.0;Emenda Individual - Transferências Especiais;05/07/2023;FERRAZ DE VASCONCELOS;3515707;Empenho;MUNICIPIO DE FERRAZ DE VASCONCELOS;Ministério da Fazenda;Outras Despesas Correntes;Contribuições;Encargos especiais;Outras transferências;TRANSFERENCIAS ESPECIAIS;NÃO
202339050007;2023;ALENCAR SANTANA;0007;1008238.0;0.0;Emenda Individual - Transferências com Finalidade Definida;21/07/2023;FERRAZ DE VASCONCELOS;3515707;Empenho;FUNDO MUNICIPAL DE SAUDE;Ministério da Saúde;Outras Despesas Correntes;Contribuições;Saúde;Atenção básica;INCREMENTO TEMPORARIO AO CUSTEIO DOS SERVICOS DE ATENCAO PRIMARIA A SAUDE PARA CUMPRIMENTO DE METAS;NÃO
202339050007;2023;ALENCAR SANTANA;0007;2450.0;0.0;Emenda Individual - Transferências com Finalidade Definida;21/07/2023;FERRAZ DE VASCONCELOS;3515707;Empenho;FUNDO MUNICIPAL DE SAUDE;Ministério da Saúde;Outras Despesas Correntes;Contribuições;Saúde;Atenção básica;INCREMENTO TEMPORARIO AO CUSTEIO DOS SERVICOS DE ATENCAO PRIMARIA A SAUDE PARA CUMPRIMENTO DE METAS;NÃO
202339050007;2023;ALENCAR SANTANA;0007;237517.0;0.0;Emenda Individual - Transferências com Finalidade Definida;21/07/2023;FERRAZ DE VASCONCELOS;3515707;Empenho;FUNDO MUNICIPAL DE SAUDE;Ministério da Saúde;Outras Despesas Correntes;Contribuições;Saúde;Atenção básica;INCREMENTO TEMPORARIO AO CUSTEIO DOS SERVICOS DE ATENCAO PRIMARIA A SAUDE PARA CUMPRIMENTO DE METAS;NÃO
202325200005;2023;CARLOS ZARATTINI;0005;199854.0;0.0;Emenda Individual - Transferências com Finalidade Definida;16/06/2023;FERRAZ DE VASCONCELOS;3515707;Empenho;FUNDO MUNICIPAL DE SAUDE;Ministério da Saúde;Investimentos;Auxílios;Saúde;Atenção básica;ESTRUTURACAO DA REDE DE SERVICOS DE ATENCAO PRIMARIA A SAUDE;NÃO
202338960005;2023;ABOU ANNI;0005;0.0;0.0;Emenda Individual - Transferências Especiais;05/12/2023;FERRAZ DE VASCONCELOS;3515707;Liquidação;MUNICIPIO DE FERRAZ DE VASCONCELOS;Ministério da Fazenda;Investimentos;Contribuições;Encargos especiais;Outras transferências;TRANSFERENCIAS ESPECIAIS;NÃO
202338960005;2023;ABOU ANNI;0005;0.0;1319007.0;Emenda Individual - Transferências Especiais;11/12/2023;FERRAZ DE VASCONCELOS;3515707;Pagamento;MUNICIPIO DE FERRAZ DE VASCONCELOS;Ministério da Fazenda;Investimentos;Contribuições;Encargos especiais;Outras transferências;TRANSFERENCIAS ESPECIAIS;NÃO
202338960005;2023;ABOU ANNI;0005;1319007.0;0.0;Emenda Individual - Transferências Especiais;05/07/2023;FERRAZ DE VASCONCELOS;3515707;Empenho;MUNICIPIO DE FERRAZ DE VASCONCELOS;Ministério da Fazenda;Investimentos;Contribuições;Encargos especiais;Outras transferências;TRANSFERENCIAS ESPECIAIS;NÃO
202326200004;2023;MILTON VIEIRA;0004;0.0;0.0;Emenda Individual - Transferências Especiais;21/08/2023;FERRAZ DE VASCONCELOS;3515707;Liquidação;MUNICIPIO DE FERRAZ DE VASCONCELOS;Ministério da Fazenda;Investimentos;Contribuições;Encargos especiais;Outras transferências;TRANSFERENCIAS ESPECIAIS;NÃO
202326200004;2023;MILTON VIEIRA;0004;0.0;1000000.0;Emenda Individual - Transferências Especiais;30/08/2023;FERRAZ DE VASCONCELOS;3515707;Pagamento;MUNICIPIO DE FERRAZ DE VASCONCELOS;Ministério da Fazenda;Investimentos;Contribuições;Encargos especiais;Outras transferências;TRANSFERENCIAS ESPECIAIS;NÃO
202326200004;2023;MILTON VIEIRA;0004;1000000.0;0.0;Emenda Individual - Transferências Especiais;05/07/2023;FERRAZ DE VASCONCELOS;3515707;Empenho;MUNICIPIO DE FERRAZ DE VASCONCELOS;Ministério da Fazenda;Investimentos;Contribuições;Encargos especiais;Outras transferências;TRANSFERENCIAS ESPECIAIS;NÃO
202339550001;2023;DAVID SOARES;0001;0.0;1000000.0;Emenda Individual - Transferências Especiais;30/08/2023;FERRAZ DE VASCONCELOS;3515707;Pagamento;MUNICIPIO DE FERRAZ DE VASCONCELOS;Ministério da Fazenda;Investimentos;Contribuições;Encargos especiais;Outras transferências;TRANSFERENCIAS ESPECIAIS;NÃO
202339550001;2023;DAVID SOARES;0001;0.0;0.0;Emenda Individual - Transferências Especiais;21/08/2023;FERRAZ DE VASCONCELOS;3515707;Liquidação;MUNICIPIO DE FERRAZ DE VASCONCELOS;Ministério da Fazenda;Investimentos;Contribuições;Encargos especiais;Outras transferências;TRANSFERENCIAS ESPECIAIS;NÃO
202339550001;2023;DAVID SOARES;0001;1000000.0;0.0;Emenda Individual - Transferências Especiais;05/07/2023;FERRAZ DE VASCONCELOS;3515707;Empenho;MUNICIPIO DE FERRAZ DE VASCONCELOS;Ministério da Fazenda;Investimentos;Contribuições;Encargos especiais;Outras transferências;TRANSFERENCIAS ESPECIAIS;NÃO
202338960001;2023;ABOU ANNI;0001;0.0;0.0;Emenda Individual - Transferências Especiais;05/12/2023;FERRAZ DE VASCONCELOS;3515707;Liquidação;MUNICIPIO DE FERRAZ DE VASCONCELOS;Ministério da Fazenda;Investimentos;Contribuições;Encargos especiais;Outras transferências;TRANSFERENCIAS ESPECIAIS;NÃO
202338960001;2023;ABOU ANNI;0001;0.0;549514.0;Emenda Individual - Transferências Especiais;11/12/2023;FERRAZ DE VASCONCELOS;3515707;Pagamento;MUNICIPIO DE FERRAZ DE VASCONCELOS;Ministério da Fazenda;Investimentos;Contribuições;Encargos especiais;Outras transferências;TRANSFERENCIAS ESPECIAIS;NÃO
202338960001;2023;ABOU ANNI;0001;549514.0;0.0;Emenda Individual - Transferências Especiais;05/07/2023;FERRAZ DE VASCONCELOS;3515707;Empenho;MUNICIPIO DE FERRAZ DE VASCONCELOS;Ministério da Fazenda;Investimentos;Contribuições;Encargos especiais;Outras transferências;TRANSFERENCIAS ESPECIAIS;NÃO
202339050008;2023;ALENCAR SANTANA;0008;1400000.0;0.0;Emenda Individual - Transferências com Finalidade Definida;23/05/2023;FERRAZ DE VASCONCELOS;3515707;Empenho;FUNDO MUNICIPAL DE SAUDE;Ministério da Saúde;Outras Despesas Correntes;Contribuições;Saúde;Assistência hospitalar e ambulatorial;INCREMENTO TEMPORARIO AO CUSTEIO DOS SERVICOS DE ASSISTENCIA HOSPITALAR E AMBULATORIAL PARA CUMPRIMENTO DE METAS;NÃO
202339050008;2023;ALENCAR SANTANA;0008;151795.0;0.0;Emenda Individual - Transferências com Finalidade Definida;28/07/2023;FERRAZ DE VASCONCELOS;3515707;Empenho;FUNDO MUNICIPAL DE SAUDE;Ministério da Saúde;Outras Despesas Correntes;Contribuições;Saúde;Assistência hospitalar e ambulatorial;INCREMENTO TEMPORARIO AO CUSTEIO DOS SERVICOS DE ASSISTENCIA HOSPITALAR E AMBULATORIAL PARA CUMPRIMENTO DE METAS;NÃO
202237370002;2022;ORLANDO SILVA;0002;0.0;231332.0;Emenda Individual - Transferências com Finalidade Definida;12/04/2023;FERRAZ DE VASCONCELOS;3515707;Pagamento;BANCO DO BRASIL SA;Ministério da Saúde;Outras Despesas Correntes;Contribuições;Múltiplo;Múltiplo;Múltiplo;NÃO
202237370002;2022;ORLANDO SILVA;0002;0.0;0.0;Emenda Individual - Transferências com Finalidade Definida;04/04/2023;FERRAZ DE VASCONCELOS;3515707;Liquidação;BANCO DO BRASIL SA;Ministério da Saúde;Outras Despesas Correntes;Contribuições;Múltiplo;Múltiplo;Múltiplo;NÃO
202327990012;2023;ELI CORREA FILHO;0012;0.0;1258418.0;Emenda Individual - Transferências com Finalidade Definida;30/11/2023;FERRAZ DE VASCONCELOS;3515707;Pagamento;BANCO DO BRASIL SA;Ministério da Saúde;Outras Despesas Correntes;Contribuições;Múltiplo;Múltiplo;Múltiplo;NÃO
202327990012;2023;ELI CORREA FILHO;0012;0.0;0.0;Emenda Individual - Transferências com Finalidade Definida;29/11/2023;FERRAZ DE VASCONCELOS;3515707;Liquidação;BANCO DO BRASIL SA;Ministério da Saúde;Outras Despesas Correntes;Contribuições;Múltiplo;Múltiplo;Múltiplo;NÃO
202327990012;2023;ELI CORREA FILHO;0012;0.0;2000000.0;Emenda Individual - Transferências com Finalidade Definida;16/08/2023;FERRAZ DE VASCONCELOS;3515707;Pagamento;BANCO DO BRASIL SA;Ministério da Saúde;Outras Despesas Correntes;Contribuições;Múltiplo;Múltiplo;Múltiplo;NÃO
202327990012;2023;ELI CORREA FILHO;0012;0.0;0.0;Emenda Individual - Transferências com Finalidade Definida;15/08/2023;FERRAZ DE VASCONCELOS;3515707;Liquidação;BANCO DO BRASIL SA;Ministério da Saúde;Outras Despesas Correntes;Contribuições;Múltiplo;Múltiplo;Múltiplo;NÃO
202339050007;2023;ALENCAR SANTANA;0007;0.0;0.0;Emenda Individual - Transferências com Finalidade Definida;15/08/2023;FERRAZ DE VASCONCELOS;3515707;Liquidação;BANCO DO BRASIL SA;Ministério da Saúde;Outras Despesas Correntes;Contribuições;Múltiplo;Múltiplo;Múltiplo;NÃO
202339050007;2023;ALENCAR SANTANA;0007;0.0;237517.0;Emenda Individual - Transferências com Finalidade Definida;16/08/2023;FERRAZ DE VASCONCELOS;3515707;Pagamento;BANCO DO BRASIL SA;Ministério da Saúde;Outras Despesas Correntes;Contribuições;Múltiplo;Múltiplo;Múltiplo;NÃO
202339050007;2023;ALENCAR SANTANA;0007;0.0;0.0;Emenda Individual - Transferências com Finalidade Definida;15/08/2023;FERRAZ DE VASCONCELOS;3515707;Liquidação;BANCO DO BRASIL SA;Ministério da Saúde;Outras Despesas Correntes;Contribuições;Múltiplo;Múltiplo;Múltiplo;NÃO
202339050007;2023;ALENCAR SANTANA;0007;0.0;0.0;Emenda Individual - Transferências com Finalidade Definida;05/09/2023;FERRAZ DE VASCONCELOS;3515707;Liquidação;BANCO DO BRASIL SA;Ministério da Saúde;Outras Despesas Correntes;Contribuições;Múltiplo;Múltiplo;Múltiplo;NÃO
202339050007;2023;ALENCAR SANTANA;0007;0.0;1008238.0;Emenda Individual - Transferências com Finalidade Definida;06/09/2023;FERRAZ DE VASCONCELOS;3515707;Pagamento;BANCO DO BRASIL SA;Ministério da Saúde;Outras Despesas Correntes;Contribuições;Múltiplo;Múltiplo;Múltiplo;NÃO
202339050007;2023;ALENCAR SANTANA;0007;0.0;2450.0;Emenda Individual - Transferências com Finalidade Definida;16/08/2023;FERRAZ DE VASCONCELOS;3515707;Pagamento;BANCO DO BRASIL SA;Ministério da Saúde;Outras Despesas Correntes;Contribuições;Múltiplo;Múltiplo;Múltiplo;NÃO
202339050008;2023;ALENCAR SANTANA;0008;0.0;0.0;Emenda Individual - Transferências com Finalidade Definida;30/08/2023;FERRAZ DE VASCONCELOS;3515707;Liquidação;BANCO DO BRASIL SA;Ministério da Saúde;Outras Despesas Correntes;Contribuições;Múltiplo;Múltiplo;Múltiplo;NÃO
202339050008;2023;ALENCAR SANTANA;0008;0.0;0.0;Emenda Individual - Transferências com Finalidade Definida;06/06/2023;FERRAZ DE VASCONCELOS;3515707;Liquidação;BANCO DO BRASIL SA;Ministério da Saúde;Outras Despesas Correntes;Contribuições;Múltiplo;Múltiplo;Múltiplo;NÃO
202339050008;2023;ALENCAR SANTANA;0008;0.0;151795.0;Emenda Individual - Transferências com Finalidade Definida;31/08/2023;FERRAZ DE VASCONCELOS;3515707;Pagamento;BANCO DO BRASIL SA;Ministério da Saúde;Outras Despesas Correntes;Contribuições;Múltiplo;Múltiplo;Múltiplo;NÃO
202339050008;2023;ALENCAR SANTANA;0008;0.0;1400000.0;Emenda Individual - Transferências com Finalidade Definida;07/06/2023;FERRAZ DE VASCONCELOS;3515707;Pagamento;BANCO DO BRASIL SA;Ministério da Saúde;Outras Despesas Correntes;Contribuições;Múltiplo;Múltiplo;Múltiplo;NÃO
202325200005;2023;CARLOS ZARATTINI;0005;0.0;199854.0;Emenda Individual - Transferências com Finalidade Definida;01/09/2023;FERRAZ DE VASCONCELOS;3515707;Pagamento;BANCO DO BRASIL SA;Ministério da Saúde;Investimentos;Auxílios;Múltiplo;Múltiplo;Múltiplo;NÃO
202325200005;2023;CARLOS ZARATTINI;0005;0.0;0.0;Emenda Individual - Transferências com Finalidade Definida;01/09/2023;FERRAZ DE VASCONCELOS;3515707;Liquidação;BANCO DO BRASIL SA;Ministério da Saúde;Investimentos;Auxílios;Múltiplo;Múltiplo;Múltiplo;NÃO
202338960008;2023;ABOU ANNI;0008;0.0;0.0;Emenda Individual - Transferências com Finalidade Definida;15/08/2023;FERRAZ DE VASCONCELOS;3515707;Liquidação;BANCO DO BRASIL SA;Ministério da Saúde;Outras Despesas Correntes;Contribuições;Múltiplo;Múltiplo;Múltiplo;NÃO
202338960008;2023;ABOU ANNI;0008;0.0;2000000.0;Emenda Individual - Transferências com Finalidade Definida;16/08/2023;FERRAZ DE VASCONCELOS;3515707;Pagamento;BANCO DO BRASIL SA;Ministério da Saúde;Outras Despesas Correntes;Contribuições;Múltiplo;Múltiplo;Múltiplo;NÃO
201928040007;2019;JUNJI ABE;0007;0.0;0.0;Emenda Individual - Transferências com Finalidade Definida;08/11/2023;FERRAZ DE VASCONCELOS;3515707;Liquidação;COORDENACAO-GERAL DE SUPORTE LOGISTICO - MCID;Ministério da Integração e do Desenvolvimento Regional;Múltiplo;Múltiplo;Múltiplo;Múltiplo;Múltiplo;NÃO
202081001433;2020;RELATOR GERAL;1433;460207.88;0.0;Emenda de Relator;31/12/2024;FERRAZ DE VASCONCELOS;3515707;Empenho;MUNICIPIO DE FERRAZ DE VASCONCELOS;Ministério da Educação;Investimentos;Auxílios;Educação;Educação básica;APOIO A INFRAESTRUTURA PARA A EDUCACAO BASICA;NÃO
202450410007;2024;COM. DA SAUDE;0007;34175.0;0.0;Emenda de Comissão;18/12/2024;FERRAZ DE VASCONCELOS;3515707;Empenho;FUNDO MUNICIPAL DE SAUDE;Ministério da Saúde;Investimentos;Auxílios;Saúde;Assistência hospitalar e ambulatorial;ESTRUTURACAO DE UNIDADES DE ATENCAO ESPECIALIZADA EM SAUDE;NÃO
202450410007;2024;COM. DA SAUDE;0007;344515.0;0.0;Emenda de Comissão;19/12/2024;FERRAZ DE VASCONCELOS;3515707;Empenho;FUNDO MUNICIPAL DE SAUDE;Ministério da Saúde;Investimentos;Auxílios;Saúde;Assistência hospitalar e ambulatorial;ESTRUTURACAO DE UNIDADES DE ATENCAO ESPECIALIZADA EM SAUDE;NÃO
202081001503;2020;RELATOR GERAL;1503;0.0;0.0;Emenda de Relator;02/08/2024;FERRAZ DE VASCONCELOS;3515707;Liquidação;Sem informação;Ministério da Educação;Investimentos;Auxílios;Educação;Educação básica;APOIO A INFRAESTRUTURA PARA A EDUCACAO BASICA;NÃO
202450410004;2024;COM. DA SAUDE;0004;0.0;0.0;Emenda de Comissão;10/06/2024;FERRAZ DE VASCONCELOS;3515707;Liquidação;BANCO DO BRASIL SA;Ministério da Saúde;Outras Despesas Correntes;Contribuições;Saúde;Atenção básica;INCREMENTO TEMPORARIO AO CUSTEIO DOS SERVICOS DE ATENCAO PRIMARIA A SAUDE PARA CUMPRIMENTO DE METAS;NÃO
202419970002;2024;VICENTINHO;0002;99890.0;0.0;Emenda Individual - Transferências com Finalidade Definida;08/05/2024;FERRAZ DE VASCONCELOS;3515707;Empenho;FUNDO MUNICIPAL DE SAUDE;Ministério da Saúde;Investimentos;Auxílios;Saúde;Atenção básica;ESTRUTURACAO DA REDE DE SERVICOS DE ATENCAO PRIMARIA A SAUDE;NÃO
202450060001;2024;COM. ESPORTE;0001;477500.0;0.0;Emenda de Comissão;20/06/2024;FERRAZ DE VASCONCELOS;3515707;Empenho;MUNICIPIO DE FERRAZ DE VASCONCELOS;Ministério do Esporte;Investimentos;Auxílios;Desporto e lazer;Desporto comunitário;APOIO A IMPLANTACAO E MODERNIZACAO DE INFRAESTRUTURA PARA ESPORTE AMADOR, EDUCACIONAL, RECREATIVO E DE LAZER;SIM
201928040007;2019;JUNJI ABE;0007;0.0;465556.42;Emenda Individual - Transferências com Finalidade Definida;17/05/2024;FERRAZ DE VASCONCELOS;3515707;Pagamento;MUNICIPIO DE FERRAZ DE VASCONCELOS;Ministério das Cidades;Investimentos;Auxílios;Urbanismo;infra-estrutura urbana;APOIO A POLITICA NACIONAL DE DESENVOLVIMENTO URBANO VOLTADO A IMPLANTACAO E QUALIFICACAO VIARIA;SIM
201928040007;2019;JUNJI ABE;0007;0.0;228190.57;Emenda Individual - Transferências com Finalidade Definida;15/03/2024;FERRAZ DE VASCONCELOS;3515707;Pagamento;MUNICIPIO DE FERRAZ DE VASCONCELOS;Ministério das Cidades;Investimentos;Auxílios;Urbanismo;infra-estrutura urbana;APOIO A POLITICA NACIONAL DE DESENVOLVIMENTO URBANO VOLTADO A IMPLANTACAO E QUALIFICACAO VIARIA;SIM
201928040007;2019;JUNJI ABE;0007;0.0;0.0;Emenda Individual - Transferências com Finalidade Definida;16/05/2024;FERRAZ DE VASCONCELOS;3515707;Liquidação;MUNICIPIO DE FERRAZ DE VASCONCELOS;Ministério das Cidades;Investimentos;Auxílios;Urbanismo;infra-estrutura urbana;APOIO A POLITICA NACIONAL DE DESENVOLVIMENTO URBANO VOLTADO A IMPLANTACAO E QUALIFICACAO VIARIA;NÃO
201928040007;2019;JUNJI ABE;0007;0.0;0.0;Emenda Individual - Transferências com Finalidade Definida;14/03/2024;FERRAZ DE VASCONCELOS;3515707;Liquidação;MUNICIPIO DE FERRAZ DE VASCONCELOS;Ministério das Cidades;Investimentos;Auxílios;Urbanismo;infra-estrutura urbana;APOIO A POLITICA NACIONAL DE DESENVOLVIMENTO URBANO VOLTADO A IMPLANTACAO E QUALIFICACAO VIARIA;NÃO
202425200002;2024;CARLOS ZARATTINI;0002;319793.0;0.0;Emenda Individual - Transferências com Finalidade Definida;15/04/2024;FERRAZ DE VASCONCELOS;3515707;Empenho;FUNDO MUNICIPAL DE SAUDE;Ministério da Saúde;Outras Despesas Correntes;Contribuições;Saúde;Atenção básica;INCREMENTO TEMPORARIO AO CUSTEIO DOS SERVICOS DE ATENCAO PRIMARIA A SAUDE PARA CUMPRIMENTO DE METAS;NÃO
202450230002;2024;COM. DESENV. URBANO;0002;1045761.0;0.0;Emenda de Comissão;11/07/2024;FERRAZ DE VASCONCELOS;3515707;Empenho;MUNICIPIO DE FERRAZ DE VASCONCELOS;Ministério das Cidades;Investimentos;Auxílios;Urbanismo;infra-estrutura urbana;APOIO A POLITICA NACIONAL DE DESENVOLVIMENTO URBANO VOLTADO A IMPLANTACAO E QUALIFICACAO VIARIA;SIM
202443460001;2024;DELEGADO DA CUNHA;0001;1000000.0;0.0;Emenda Individual - Transferências com Finalidade Definida;22/04/2024;FERRAZ DE VASCONCELOS;3515707;Empenho;FUNDO MUNICIPAL DE SAUDE;Ministério da Saúde;Outras Despesas Correntes;Contribuições;Saúde;Assistência hospitalar e ambulatorial;INCREMENTO TEMPORARIO AO CUSTEIO DOS SERVICOS DE ASSISTENCIA HOSPITALAR E AMBULATORIAL PARA CUMPRIMENTO DE METAS;NÃO
202431350002;2024;ARLINDO CHINAGLIA;0002;100000.0;0.0;Emenda Individual - Transferências com Finalidade Definida;08/05/2024;FERRAZ DE VASCONCELOS;3515707;Empenho;FUNDO MUNICIPAL DE SAUDE;Ministério da Saúde;Investimentos;Auxílios;Saúde;Atenção básica;ESTRUTURACAO DA REDE DE SERVICOS DE ATENCAO PRIMARIA A SAUDE;NÃO
201837350009;2018;NILTO TATTO;0009;0.0;1495785.44;Emenda Individual - Transferências com Finalidade Definida;27/03/2024;FERRAZ DE VASCONCELOS;3515707;Pagamento;MUNICIPIO DE FERRAZ DE VASCONCELOS;Ministério do Esporte;Investimentos;Auxílios;Desporto e lazer;Desporto comunitário;IMPLANTACAO E MODERNIZACAO DE INFRAESTRUTURA PARA ESPORTE EDUCACIONAL, RECREATIVO E DE LAZER;SIM
202450410004;2024;COM. DA SAUDE;0004;0.0;0.0;Emenda de Comissão;10/06/2024;FERRAZ DE VASCONCELOS;3515707;Liquidação;BANCO DO BRASIL SA;Ministério da Saúde;Outras Despesas Correntes;Contribuições;Saúde;Atenção básica;INCREMENTO TEMPORARIO AO CUSTEIO DOS SERVICOS DE ATENCAO PRIMARIA A SAUDE PARA CUMPRIMENTO DE METAS;NÃO
202419970003;2024;VICENTINHO;0003;150000.0;0.0;Emenda Individual - Transferências com Finalidade Definida;22/04/2024;FERRAZ DE VASCONCELOS;3515707;Empenho;FUNDO MUNICIPAL DE SAUDE;Ministério da Saúde;Outras Despesas Correntes;Contribuições;Saúde;Assistência hospitalar e ambulatorial;INCREMENTO TEMPORARIO AO CUSTEIO DOS SERVICOS DE ASSISTENCIA HOSPITALAR E AMBULATORIAL PARA CUMPRIMENTO DE METAS;NÃO
202444680006;2024;RODRIGO GAMBALE;0006;6804824.0;0.0;Emenda Individual - Transferências Especiais;26/06/2024;FERRAZ DE VASCONCELOS;3515707;Empenho;MUNICIPIO DE FERRAZ DE VASCONCELOS;Ministério da Fazenda;Investimentos;Contribuições;Encargos especiais;Outras transferências;TRANSFERENCIAS ESPECIAIS;NÃO
202444680006;2024;RODRIGO GAMBALE;0006;0.0;6804824.0;Emenda Individual - Transferências Especiais;03/07/2024;FERRAZ DE VASCONCELOS;3515707;Pagamento;MUNICIPIO DE FERRAZ DE VASCONCELOS;Ministério da Fazenda;Investimentos;Contribuições;Encargos especiais;Outras transferências;TRANSFERENCIAS ESPECIAIS;NÃO
202444680006;2024;RODRIGO GAMBALE;0006;0.0;0.0;Emenda Individual - Transferências Especiais;28/06/2024;FERRAZ DE VASCONCELOS;3515707;Liquidação;MUNICIPIO DE FERRAZ DE VASCONCELOS;Ministério da Fazenda;Investimentos;Contribuições;Encargos especiais;Outras transferências;TRANSFERENCIAS ESPECIAIS;NÃO
202450410004;2024;COM. DA SAUDE;0004;0.0;2000000.0;Emenda de Comissão;11/06/2024;FERRAZ DE VASCONCELOS;3515707;Pagamento;BANCO DO BRASIL SA;Ministério da Saúde;Outras Despesas Correntes;Contribuições;Saúde;Atenção básica;INCREMENTO TEMPORARIO AO CUSTEIO DOS SERVICOS DE ATENCAO PRIMARIA A SAUDE PARA CUMPRIMENTO DE METAS;NÃO
202450410004;2024;COM. DA SAUDE;0004;0.0;6171000.0;Emenda de Comissão;11/06/2024;FERRAZ DE VASCONCELOS;3515707;Pagamento;BANCO DO BRASIL SA;Ministério da Saúde;Outras Despesas Correntes;Contribuições;Saúde;Atenção básica;INCREMENTO TEMPORARIO AO CUSTEIO DOS SERVICOS DE ATENCAO PRIMARIA A SAUDE PARA CUMPRIMENTO DE METAS;NÃO
202443460006;2024;DELEGADO DA CUNHA;0006;0.0;0.0;Emenda Individual - Transferências com Finalidade Definida;28/06/2024;FERRAZ DE VASCONCELOS;3515707;Liquidação;BANCO DO BRASIL SA;Ministério do Desenvolvimento e Assistência Social, Família e Combate à Fome;Investimentos;Auxílios;Assistência social;Assistência comunitária;ESTRUTURACAO DA REDE DE SERVICOS E FORTALECIMENTO DA GESTAO DO SISTEMA UNICO DE ASSISTENCIA SOCIAL (SUAS);NÃO
202443460006;2024;DELEGADO DA CUNHA;0006;0.0;200000.0;Emenda Individual - Transferências com Finalidade Definida;02/07/2024;FERRAZ DE VASCONCELOS;3515707;Pagamento;BANCO DO BRASIL SA;Ministério do Desenvolvimento e Assistência Social, Família e Combate à Fome;Investimentos;Auxílios;Assistência social;Assistência comunitária;ESTRUTURACAO DA REDE DE SERVICOS E FORTALECIMENTO DA GESTAO DO SISTEMA UNICO DE ASSISTENCIA SOCIAL (SUAS);NÃO
202443460006;2024;DELEGADO DA CUNHA;0006;200000.0;0.0;Emenda Individual - Transferências com Finalidade Definida;21/05/2024;FERRAZ DE VASCONCELOS;3515707;Empenho;FUNDO MUNICIPAL DE ASSISTENCIA SOCIAL;Ministério do Desenvolvimento e Assistência Social, Família e Combate à Fome;Investimentos;Auxílios;Assistência social;Assistência comunitária;ESTRUTURACAO DA REDE DE SERVICOS E FORTALECIMENTO DA GESTAO DO SISTEMA UNICO DE ASSISTENCIA SOCIAL (SUAS);NÃO
202439050004;2024;ALENCAR SANTANA;0004;0.0;0.0;Emenda Individual - Transferências Especiais;28/06/2024;FERRAZ DE VASCONCELOS;3515707;Liquidação;MUNICIPIO DE FERRAZ DE VASCONCELOS;Ministério da Fazenda;Investimentos;Contribuições;Encargos especiais;Outras transferências;TRANSFERENCIAS ESPECIAIS;NÃO
202439050004;2024;ALENCAR SANTANA;0004;0.0;900000.0;Emenda Individual - Transferências Especiais;03/07/2024;FERRAZ DE VASCONCELOS;3515707;Pagamento;MUNICIPIO DE FERRAZ DE VASCONCELOS;Ministério da Fazenda;Investimentos;Contribuições;Encargos especiais;Outras transferências;TRANSFERENCIAS ESPECIAIS;NÃO
202439050004;2024;ALENCAR SANTANA;0004;900000.0;0.0;Emenda Individual - Transferências Especiais;26/06/2024;FERRAZ DE VASCONCELOS;3515707;Empenho;MUNICIPIO DE FERRAZ DE VASCONCELOS;Ministério da Fazenda;Investimentos;Contribuições;Encargos especiais;Outras transferências;TRANSFERENCIAS ESPECIAIS;NÃO
202444680003;2024;RODRIGO GAMBALE;0003;4600000.0;0.0;Emenda Individual - Transferências com Finalidade Definida;11/12/2024;FERRAZ DE VASCONCELOS;3515707;Empenho;FUNDO MUNICIPAL DE SAUDE;Ministério da Saúde;Outras Despesas Correntes;Contribuições;Saúde;Atenção básica;INCREMENTO TEMPORARIO AO CUSTEIO DOS SERVICOS DE ATENCAO PRIMARIA A SAUDE PARA CUMPRIMENTO DE METAS;NÃO
202444680003;2024;RODRIGO GAMBALE;0003;615934.0;0.0;Emenda Individual - Transferências com Finalidade Definida;15/04/2024;FERRAZ DE VASCONCELOS;3515707;Empenho;FUNDO MUNICIPAL DE SAUDE;Ministério da Saúde;Outras Despesas Correntes;Contribuições;Saúde;Atenção básica;INCREMENTO TEMPORARIO AO CUSTEIO DOS SERVICOS DE ATENCAO PRIMARIA A SAUDE PARA CUMPRIMENTO DE METAS;NÃO
202439050008;2024;ALENCAR SANTANA;0008;1000000.0;0.0;Emenda Individual - Transferências com Finalidade Definida;22/04/2024;FERRAZ DE VASCONCELOS;3515707;Empenho;FUNDO MUNICIPAL DE SAUDE;Ministério da Saúde;Outras Despesas Correntes;Contribuições;Saúde;Assistência hospitalar e ambulatorial;INCREMENTO TEMPORARIO AO CUSTEIO DOS SERVICOS DE ASSISTENCIA HOSPITALAR E AMBULATORIAL PARA CUMPRIMENTO DE METAS;NÃO
202439050008;2024;ALENCAR SANTANA;0008;300000.0;0.0;Emenda Individual - Transferências com Finalidade Definida;17/05/2024;FERRAZ DE VASCONCELOS;3515707;Empenho;FUNDO MUNICIPAL DE SAUDE;Ministério da Saúde;Outras Despesas Correntes;Contribuições;Saúde;Assistência hospitalar e ambulatorial;INCREMENTO TEMPORARIO AO CUSTEIO DOS SERVICOS DE ASSISTENCIA HOSPITALAR E AMBULATORIAL PARA CUMPRIMENTO DE METAS;NÃO
202450410004;2024;COM. DA SAUDE;0004;2000000.0;0.0;Emenda de Comissão;21/05/2024;FERRAZ DE VASCONCELOS;3515707;Empenho;FUNDO MUNICIPAL DE SAUDE;Ministério da Saúde;Outras Despesas Correntes;Contribuições;Saúde;Atenção básica;INCREMENTO TEMPORARIO AO CUSTEIO DOS SERVICOS DE ATENCAO PRIMARIA A SAUDE PARA CUMPRIMENTO DE METAS;NÃO
202450410004;2024;COM. DA SAUDE;0004;6171000.0;0.0;Emenda de Comissão;28/05/2024;FERRAZ DE VASCONCELOS;3515707;Empenho;FUNDO MUNICIPAL DE SAUDE;Ministério da Saúde;Outras Despesas Correntes;Contribuições;Saúde;Atenção básica;INCREMENTO TEMPORARIO AO CUSTEIO DOS SERVICOS DE ATENCAO PRIMARIA A SAUDE PARA CUMPRIMENTO DE METAS;NÃO
202450410002;2024;COM. DA SAUDE;0002;1773933.0;0.0;Emenda de Comissão;18/06/2024;FERRAZ DE VASCONCELOS;3515707;Empenho;FUNDO MUNICIPAL DE SAUDE;Ministério da Saúde;Outras Despesas Correntes;Contribuições;Saúde;Assistência hospitalar e ambulatorial;INCREMENTO TEMPORARIO AO CUSTEIO DOS SERVICOS DE ASSISTENCIA HOSPITALAR E AMBULATORIAL PARA CUMPRIMENTO DE METAS;NÃO
202350330004;2023;COM. INTEG NAC DES REGIONAL E DA AMAZONIA - CINDRA;0004;0.0;0.0;Emenda de Comissão;02/08/2024;FERRAZ DE VASCONCELOS;3515707;Liquidação;Sem informação;Ministério da Integração e do Desenvolvimento Regional;Múltiplo;Múltiplo;Múltiplo;Múltiplo;Múltiplo;NÃO
202081001433;2020;RELATOR GERAL;1433;0.0;0.0;Emenda de Relator;02/08/2024;FERRAZ DE VASCONCELOS;3515707;Liquidação;Sem informação;Ministério da Educação;Múltiplo;Múltiplo;Múltiplo;Múltiplo;Múltiplo;NÃO
202181000791;2021;RELATOR GERAL;0791;0.0;0.0;Emenda de Relator;02/08/2024;FERRAZ DE VASCONCELOS;3515707;Liquidação;Sem informação;Ministério da Educação;Investimentos;Auxílios;Múltiplo;Múltiplo;Múltiplo;NÃO
202425200002;2024;CARLOS ZARATTINI;0002;0.0;0.0;Emenda Individual - Transferências com Finalidade Definida;22/05/2024;FERRAZ DE VASCONCELOS;3515707;Liquidação;BANCO DO BRASIL SA;Ministério da Saúde;Outras Despesas Correntes;Contribuições;Múltiplo;Múltiplo;Múltiplo;NÃO
202425200002;2024;CARLOS ZARATTINI;0002;0.0;319793.0;Emenda Individual - Transferências com Finalidade Definida;23/05/2024;FERRAZ DE VASCONCELOS;3515707;Pagamento;BANCO DO BRASIL SA;Ministério da Saúde;Outras Despesas Correntes;Contribuições;Múltiplo;Múltiplo;Múltiplo;NÃO
202439050008;2024;ALENCAR SANTANA;0008;0.0;0.0;Emenda Individual - Transferências com Finalidade Definida;17/05/2024;FERRAZ DE VASCONCELOS;3515707;Liquidação;BANCO DO BRASIL SA;Ministério da Saúde;Outras Despesas Correntes;Contribuições;Múltiplo;Múltiplo;Múltiplo;NÃO
202439050008;2024;ALENCAR SANTANA;0008;0.0;0.0;Emenda Individual - Transferências com Finalidade Definida;17/06/2024;FERRAZ DE VASCONCELOS;3515707;Liquidação;BANCO DO BRASIL SA;Ministério da Saúde;Outras Despesas Correntes;Contribuições;Múltiplo;Múltiplo;Múltiplo;NÃO
202439050008;2024;ALENCAR SANTANA;0008;0.0;1000000.0;Emenda Individual - Transferências com Finalidade Definida;20/05/2024;FERRAZ DE VASCONCELOS;3515707;Pagamento;BANCO DO BRASIL SA;Ministério da Saúde;Outras Despesas Correntes;Contribuições;Múltiplo;Múltiplo;Múltiplo;NÃO
202439050008;2024;ALENCAR SANTANA;0008;0.0;300000.0;Emenda Individual - Transferências com Finalidade Definida;18/06/2024;FERRAZ DE VASCONCELOS;3515707;Pagamento;BANCO DO BRASIL SA;Ministério da Saúde;Outras Despesas Correntes;Contribuições;Múltiplo;Múltiplo;Múltiplo;NÃO
202360110003;2023;COM. DESENV REGIONAL E TURISMO;0003;0.0;0.0;Emenda de Comissão;02/08/2024;FERRAZ DE VASCONCELOS;3515707;Liquidação;Sem informação;Ministério das Cidades;Múltiplo;Múltiplo;Múltiplo;Múltiplo;Múltiplo;NÃO
202419970003;2024;VICENTINHO;0003;0.0;0.0;Emenda Individual - Transferências com Finalidade Definida;17/05/2024;FERRAZ DE VASCONCELOS;3515707;Liquidação;BANCO DO BRASIL SA;Ministério da Saúde;Outras Despesas Correntes;Contribuições;Múltiplo;Múltiplo;Múltiplo;NÃO
202419970003;2024;VICENTINHO;0003;0.0;150000.0;Emenda Individual - Transferências com Finalidade Definida;20/05/2024;FERRAZ DE VASCONCELOS;3515707;Pagamento;BANCO DO BRASIL SA;Ministério da Saúde;Outras Despesas Correntes;Contribuições;Múltiplo;Múltiplo;Múltiplo;NÃO
202431350002;2024;ARLINDO CHINAGLIA;0002;0.0;0.0;Emenda Individual - Transferências com Finalidade Definida;03/07/2024;FERRAZ DE VASCONCELOS;3515707;Liquidação;BANCO DO BRASIL SA;Ministério da Saúde;Investimentos;Auxílios;Múltiplo;Múltiplo;Múltiplo;NÃO
202431350002;2024;ARLINDO CHINAGLIA;0002;0.0;100000.0;Emenda Individual - Transferências com Finalidade Definida;04/07/2024;FERRAZ DE VASCONCELOS;3515707;Pagamento;BANCO DO BRASIL SA;Ministério da Saúde;Investimentos;Auxílios;Múltiplo;Múltiplo;Múltiplo;NÃO
202419970002;2024;VICENTINHO;0002;0.0;99890.0;Emenda Individual - Transferências com Finalidade Definida;04/07/2024;FERRAZ DE VASCONCELOS;3515707;Pagamento;BANCO DO BRASIL SA;Ministério da Saúde;Investimentos;Auxílios;Múltiplo;Múltiplo;Múltiplo;NÃO
202419970002;2024;VICENTINHO;0002;0.0;0.0;Emenda Individual - Transferências com Finalidade Definida;03/07/2024;FERRAZ DE VASCONCELOS;3515707;Liquidação;BANCO DO BRASIL SA;Ministério da Saúde;Investimentos;Auxílios;Múltiplo;Múltiplo;Múltiplo;NÃO
202443460001;2024;DELEGADO DA CUNHA;0001;0.0;0.0;Emenda Individual - Transferências com Finalidade Definida;17/05/2024;FERRAZ DE VASCONCELOS;3515707;Liquidação;BANCO DO BRASIL SA;Ministério da Saúde;Outras Despesas Correntes;Contribuições;Múltiplo;Múltiplo;Múltiplo;NÃO
202443460001;2024;DELEGADO DA CUNHA;0001;0.0;1000000.0;Emenda Individual - Transferências com Finalidade Definida;20/05/2024;FERRAZ DE VASCONCELOS;3515707;Pagamento;BANCO DO BRASIL SA;Ministério da Saúde;Outras Despesas Correntes;Contribuições;Múltiplo;Múltiplo;Múltiplo;NÃO
202450410002;2024;COM. DA SAUDE;0002;0.0;0.0;Emenda de Comissão;25/06/2024;FERRAZ DE VASCONCELOS;3515707;Liquidação;BANCO DO BRASIL SA;Ministério da Saúde;Outras Despesas Correntes;Contribuições;Múltiplo;Múltiplo;Múltiplo;NÃO
202444680003;2024;RODRIGO GAMBALE;0003;0.0;615934.0;Emenda Individual - Transferências com Finalidade Definida;23/05/2024;FERRAZ DE VASCONCELOS;3515707;Pagamento;BANCO DO BRASIL SA;Ministério da Saúde;Outras Despesas Correntes;Contribuições;Múltiplo;Múltiplo;Múltiplo;NÃO
202444680003;2024;RODRIGO GAMBALE;0003;0.0;0.0;Emenda Individual - Transferências com Finalidade Definida;22/05/2024;FERRAZ DE VASCONCELOS;3515707;Liquidação;BANCO DO BRASIL SA;Ministério da Saúde;Outras Despesas Correntes;Contribuições;Múltiplo;Múltiplo;Múltiplo;NÃO
202450410002;2024;COM. DA SAUDE;0002;0.0;1773933.0;Emenda de Comissão;26/06/2024;FERRAZ DE VASCONCELOS;3515707;Pagamento;BANCO DO BRASIL SA;Ministério da Saúde;Outras Despesas Correntes;Contribuições;Múltiplo;Múltiplo;Múltiplo;NÃO
