processo;arquivo;descricao;unidade;quantidade;valor_unitario;valor_total;vencedor;cnpj_vencedor
00034;7102.xlsx;ALCOOL GEL NA CONCENTRACAO FINAL DE 70% indicado como antisseptico de maos,conteudo:500ml caixa com ;UN;750.0;3.78;2835.0;Br Vale Distribuidora de Produtos Eireli;35.638.331/0001-36
00034;7102.xlsx;ALCOOL GEL NA CONCENTRACAO FINAL DE 70% indicado como antisseptico de maos,conteudo:500ml caixa com ;UN;250.0;3.78;945.0;Br Vale Distribuidora de Produtos Eireli;35.638.331/0001-36
00034;7102.xlsx;DESINFETANTE HOSPITALAR P/SUPERFICIES FIXA 750ML e artigos criticos, limpador a base de quatenari o ;UN;53.0;39.78;2108.34;Bm Assessoria e Servicos Ltda;29.181.585/0001-75
00034;7102.xlsx;DESINFETANTE HOSPITALAR P/SUPERFICIES FIXA 750ML e artigos criticos, limpador a base de quatenari o ;UN;17.0;39.78;676.26;Bm Assessoria e Servicos Ltda;29.181.585/0001-75
00034;7102.xlsx;ESBRIET 267MG CAPSULAS DURAS (PIRFENIDONA);CAP;2430.0;36.34;88306.2;Ciamed - Distribuidora de Medicamentos Ltda.;05.782.733/0001-49
00034;7102.xlsx;ESBRIET 267MG CAPSULAS DURAS (PIRFENIDONA);CAP;810.0;36.34;29435.4;Josiane Cristina Fusco Carraro;21.940.274/0001-30
00034;7102.xlsx;GELO GEL ARTIFICIAL LARG.17,5 COMPR.2,8CM ALT.15CM em embalagem rigida resistente a impacto de 400 m;UN;25.0;6.4;160.0;Orion Comercial Eireli - Me;17.766.093/0001-62
00034;7102.xlsx;GELO GEL ARTIFICIAL LARG.17,5 COMPR.2,8CM ALT.15CM em embalagem rigida resistente a impacto de 400 m;UN;75.0;6.4;480.0;Orion Comercial Eireli - Me;17.766.093/0001-62
00034;7102.xlsx;GELO GEL ARTIFICIAL LARG.27,5CM COMPR.2,3CM ALT.15 em embalagem rigida resistente a impacto de 400ml;UN;150.0;12.0;1800.0;Orion Comercial Eireli - Me;17.766.093/0001-62
00034;7102.xlsx;GELO GEL ARTIFICIAL LARG.27,5CM COMPR.2,3CM ALT.15 em embalagem rigida resistente a impacto de 400ml;UN;50.0;12.0;600.0;Orion Comercial Eireli - Me;17.766.093/0001-62
00034;7102.xlsx;MACACAO DE SEGURANCA CONFECCIONADO EM TECIDO, nao tecido (TNT) de polipropileno com filme de po liet;UN;3750.0;26.46;99225.0;Ferrarezi Comercio de Equipamentos e Servicos;26.581.657/0001-83
00034;7102.xlsx;MASCARA DE PROTECAO RESPIRATORIA N95 com certificado de aprovacao (CA);UN;1500.0;2.59;3885.0;Br Vale Distribuidora de Produtos Eireli;35.638.331/0001-36
00034;7102.xlsx;MASCARA DE PROTECAO RESPIRATORIA N95 com certificado de aprovacao (CA);UN;500.0;2.59;1295.0;Br Vale Distribuidora de Produtos Eireli;35.638.331/0001-36
00034;7102.xlsx;MASCARA DE PROTECAO RESPIRATORIA N95. com certificado de aprovacao (CA).;UN;50.0;2.59;129.5;Br Vale Distribuidora de Produtos Eireli;35.638.331/0001-36
00034;7102.xlsx;MASCARA DE PROTECAO RESPIRATORIA N95. com certificado de aprovacao (CA).;UN;150.0;2.59;388.5;Br Vale Distribuidora de Produtos Eireli;35.638.331/0001-36
00034;7102.xlsx;MASCARA PROTETORA TRIPLA COM PROTECAO,COR AZUL, confeccionada em tecido de fibra nao tecido, poss ui;UN;75000.0;0.41;30750.0;Quality Medical Comercio e Dist. de Med Ltda;07.118.264/0001-93
00034;7102.xlsx;MASCARA PROTETORA TRIPLA COM PROTECAO,COR AZUL, confeccionada em tecido de fibra nao tecido, poss ui;UN;25000.0;0.41;10250.0;Force Medical Distribuidora Eireli;24.067.457/0001-81
00034;7102.xlsx;PAPEL TOALHA INTERFOLHAS 2 DOBRAS 100% CELULOSE celulose virgem, gofrado, 23x21 cm aproximadament e,;PCT;750.0;35.9;26925.0;Aoyagi Com. de Mat. de Limpeza, Desc. e Pisci;24.657.987/0001-80
00034;7102.xlsx;PAPEL TOALHA INTERFOLHAS 2 DOBRAS 100% CELULOSE celulose virgem, gofrado, 23x21 cm aproximadament e,;PCT;2250.0;35.9;80775.0;Aoyagi Com. de Mat. de Limpeza, Desc. e Pisci;24.657.987/0001-80
00034;7102.xlsx;PRESTACAO DE SERVICOS Contratacao de empresa especializada para prestaç cao do servico de apoio tecn;UN;1.0;756600.0;756600.0;Datacity Servicos Ltda;02.679.522/0001-97
00034;7102.xlsx;PRESTACAO DE SERVICOS Contratacao de empresa especializada para prestaç cao do servico de apoio tecn;UN;1.0;116400.0;116400.0;Datacity Servicos Ltda;02.679.522/0001-97
00034;7102.xlsx;PRESTACAO DE SERVICOS Contratacao de empresa especializada para prestaç cao do servico de apoio tecn;UN;1.0;58200.0;58200.0;Datacity Servicos Ltda;02.679.522/0001-97
00034;7102.xlsx;PRESTACAO DE SERVICOS Contratacao de empresa especializada para prestaç cao do servico de apoio tecn;UN;1.0;58200.0;58200.0;Datacity Servicos Ltda;02.679.522/0001-97
00034;7102.xlsx;PRESTACAO DE SERVICOS Contratacao de empresa especializada para prestaç cao do servico de apoio tecn;UN;1.0;58200.0;58200.0;Datacity Servicos Ltda;02.679.522/0001-97
00034;7102.xlsx;PRESTACAO DE SERVICOS Contratacao de empresa especializada para prestaç cao do servico de apoio tecn;UN;1.0;116400.0;116400.0;Datacity Servicos Ltda;02.679.522/0001-97
00034;7102.xlsx;SACO DE LIXO BRANCO - 100L - saco plastico p/coleta de residuos de servicos da saue com capacidade d;PCT;3750.0;33.6;126000.0;Br Vale Distribuidora de Produtos Eireli;35.638.331/0001-36
00034;7102.xlsx;SACO DE LIXO BRANCO - 100L - saco plastico p/coleta de residuos de servicos da saue com capacidade d;PCT;1250.0;33.6;42000.0;Br Vale Distribuidora de Produtos Eireli;35.638.331/0001-36
00038;7609.xlsx;LOCACAO DE ARQUIBANCADA. Arquibancada em estrutura metalica tubular galvan izada. Toda a estrutura d;UN;4000.0;19.0;76000.0;Hdf-locacao de Estruturas e Eventos Eirel;13.104.368/0001-41
00038;7609.xlsx;LOCACAO DE BALCAO DE APOIO montado a 1,20 m do solo em estrutura de metalon 20 X 30. Seu apoio em ma;UN;450.0;190.0;85500.0;Hdf-locacao de Estruturas e Eventos Eirel;13.104.368/0001-41
00038;7609.xlsx;LOCACAO DE BARRICADAS GALVANIZADAS Barricadas em estrutura metalica galvanizada, sup er-reforcadas, ;M;1000.0;95.0;95000.0;Hdf-locacao de Estruturas e Eventos Eirel;13.104.368/0001-41
00038;7609.xlsx;LOCACAO DE BOX TRUSS P-15 padrao, estruturas confeccionadas em duraluminio com os devidos acessorios;M;1000.0;28.5;28500.0;Hdf-locacao de Estruturas e Eventos Eirel;13.104.368/0001-41
00038;7609.xlsx;LOCACAO DE BOX TRUSS P-30 padrao, estruturas confeccionadas em duraluminio com os devidos acessorios;M;6000.0;37.0;222000.0;Hdf-locacao de Estruturas e Eventos Eirel;13.104.368/0001-41
00038;7609.xlsx;LOCACAO DE BOX TRUSS P-50 padrao, estruturas confeccionadas em duraluminio com os devidos acessorios;M;1000.0;66.3;66300.0;Hdf-locacao de Estruturas e Eventos Eirel;13.104.368/0001-41
00038;7609.xlsx;LOCACAO DE CADEIRA Cadeira em PVC, resistentes ao minimo de 120kg, s em bracos e na cor branca. As p;UN;3000.0;6.97;20910.0;Pilar Organizacoes e Festas Ltda;20.489.773/0001-90
00038;7609.xlsx;LOCACAO DE CAMARINS EM OCTANORM MEDINDO 4X4 , com altura de 1,40m do solo ao piso, com portas , com ;UN;100.0;2850.0;285000.0;Hdf-locacao de Estruturas e Eventos Eirel;13.104.368/0001-41
00038;7609.xlsx;LOCACAO DE CARRO DE SOM VOLANTE Veiculacao de propaganda volante com carro de som , motorista e comb;H;350.0;130.0;45500.0;Expansom Promocoes e Eventos Ltda;67.181.578/0001-62
00038;7609.xlsx;LOCACAO DE CONTAINER BILHETERIA Conteiner bilheteria em modulo metalico habitacio nal construido em ;UN;8.0;3173.44;25387.52;Pilar Organizacoes e Festas Ltda;20.489.773/0001-90
00038;7609.xlsx;LOCACAO DE CONTEINER SANITARIO Conteiner Sanitario nas dimensoes minimas de 6m X 2,30m com pe direit;UN;150.0;4817.28;722592.0;Pilar Ecotec Ambiental Ltda;30.667.156/0001-91
00038;7609.xlsx;LOCACAO DE FECHAMENTO EM PLACAS Fechamento em placas metalicas galvanizadas, em p erfeito estado de ;M;2000.0;28.5;57000.0;Hdf-locacao de Estruturas e Eventos Eirel;13.104.368/0001-41
00038;7609.xlsx;LOCACAO DE GERADOR DE ENERGIA 150KVA Geradores silenciados e blindados acusticamente, com fechamento;DIA;50.0;3797.36;189868.0;Pilar Organizacoes e Festas Ltda;20.489.773/0001-90
00038;7609.xlsx;LOCACAO DE GERADOR DE ENERGIA 250KVA Geradores silenciados e blindados acusticamente, com fechamento;UN;70.0;4996.33;349743.1;Pilar Organizacoes e Festas Ltda;20.489.773/0001-90
00038;7609.xlsx;LOCACAO DE GERADOR DE ENERGIA 450KVA Geradores silenciados e blindados acusticamente, com fechamento;UN;10.0;6545.45;65454.5;Pilar Organizacoes e Festas Ltda;20.489.773/0001-90
00038;7609.xlsx;LOCACAO DE GERADOR DE ENERGIA 80KVA Geradores silenciados e blindados acusticamente, com fechamento ;UN;50.0;2298.4;114920.0;Pilar Organizacoes e Festas Ltda;20.489.773/0001-90
00038;7609.xlsx;LOCACAO DE GRADES DE PROTECAO Grades de protecao metalicas, medindo 1,30m de al tura X 2,00m de comp;M;2000.0;14.25;28500.0;Hdf-locacao de Estruturas e Eventos Eirel;13.104.368/0001-41
00038;7609.xlsx;LOCACAO DE GRID MOVEL PARA ILUMINACAO 08X06M Grid interno para instalacao do sistema de ilumin acao ;UN;30.0;3325.0;99750.0;Hdf-locacao de Estruturas e Eventos Eirel;13.104.368/0001-41
00038;7609.xlsx;LOCACAO DE GRID MOVEL PARA ILUMINACAO 10X08M Grid interno para instalacao do sistema de ilumin acao ;UN;100.0;2375.0;237500.0;Hdf-locacao de Estruturas e Eventos Eirel;13.104.368/0001-41
00038;7609.xlsx;LOCACAO DE GRID MOVEL PARA ILUMINACAO 12X10M Grid interno para instalacao do sistema de ilumin acao ;UN;80.0;3220.0;257600.0;Hdf-locacao de Estruturas e Eventos Eirel;13.104.368/0001-41
00038;7609.xlsx;LOCACAO DE HOUSE MIX coberta medindo 5,00 x 4,00 metros, com piso de 0 ,50 cm de altura em relacao a;UN;15.0;950.0;14250.0;Hdf-locacao de Estruturas e Eventos Eirel;13.104.368/0001-41
00038;7609.xlsx;LOCACAO DE ILUMINACAO TIPO 1 GRANDE PORTE 36 refletores par led rgbwa 3 watts, 18 moving he ad beam ;DIA;70.0;12700.0;889000.0;Expansom Promocoes e Eventos Ltda;67.181.578/0001-62
00038;7609.xlsx;LOCACAO DE ILUMINACAO TIPO 2 MEDIO PORTE 24 refletores par led rgbwa 3 watts, 12 moving he ad hibrid;DIA;150.0;4500.0;675000.0;Expansom Promocoes e Eventos Ltda;67.181.578/0001-62
00038;7609.xlsx;LOCACAO DE ILUMINACAO TIPO 3 PEQUENO PORTE 12 refletores par led rgbwa 3 watts, 04 ribaltas led rgbw;DIA;40.0;2350.0;94000.0;Expansom Promocoes e Eventos Ltda;67.181.578/0001-62
00038;7609.xlsx;LOCACAO DE LONAS FECHAMENTO 10X10 Lona KP 1000 na cor branca auto extinguivel, anti -chamas, antimof;UN;250.0;380.0;95000.0;Hdf-locacao de Estruturas e Eventos Eirel;13.104.368/0001-41
00038;7609.xlsx;LOCACAO DE LONAS FECHAMENTO 3X3 Lona KP 1000 na cor branca auto extinguivel, anti -chamas, antimofo,;UN;250.0;25.0;6250.0;Hdf-locacao de Estruturas e Eventos Eirel;13.104.368/0001-41
00038;7609.xlsx;LOCACAO DE LONAS FECHAMENTO 4X4 Lona KP 1000 na cor branca auto extinguivel, anti -chamas, antimofo,;UN;250.0;275.0;68750.0;Hdf-locacao de Estruturas e Eventos Eirel;13.104.368/0001-41
00038;7609.xlsx;LOCACAO DE LONAS FECHAMENTO 5X5 Lona KP 1000 na cor branca auto extinguivel, anti -chamas, antimofo,;UN;250.0;370.0;92500.0;Hdf-locacao de Estruturas e Eventos Eirel;13.104.368/0001-41
00038;7609.xlsx;LOCACAO DE MESA Mesa em PVC 0,7mX0,7m na cor branca. As pecas dev erao estar em perfeito estado de c;UN;750.0;13.44;10080.0;Pilar Organizacoes e Festas Ltda;20.489.773/0001-90
00038;7609.xlsx;LOCACAO DE PAINEL DE LED TIPO 1 P5 - PAINEL DE LED DE ALTA DEFINICAO PARA INDOOR/ OUTDOOR,  Especifi;M2;1500.0;227.0;340500.0;Expansom Promocoes e Eventos Ltda;67.181.578/0001-62
00038;7609.xlsx;LOCACAO DE PALCO 12X8 PALCO MEDINDO 12,00 M DE FRENTE POR 8,00 M DE PRO FUNDIDADE, com fechamentos l;UN;3.0;7600.0;22800.0;Hdf-locacao de Estruturas e Eventos Eirel;13.104.368/0001-41
00038;7609.xlsx;LOCACAO DE PALCO 16X12 PALCO MEDINDO 16,00 M DE FRENTE POR 12,00 M DE PR OFUNDIDADE, com fechamentos;UN;3.0;19030.0;57090.0;Hdf-locacao de Estruturas e Eventos Eirel;13.104.368/0001-41
00038;7609.xlsx;LOCACAO DE PALCO 5X4 PALCO MEDINDO 5,00 M DE FRENTE POR 4,00 M de prof undidade, com fechamentos lat;UN;40.0;4750.0;190000.0;Hdf-locacao de Estruturas e Eventos Eirel;13.104.368/0001-41
00038;7609.xlsx;LOCACAO DE PALCO 8X6 Palco medindo 8,00 m de frente por 6,00 m de prof undidade, com fechamentos lat;UN;20.0;4750.5;95010.0;Hdf-locacao de Estruturas e Eventos Eirel;13.104.368/0001-41
00038;7609.xlsx;LOCACAO DE PASSA-CABOS Calha de fios 5 vias 30x30. Passa-cabos para prot ecao de cabos e fios ultrar;M;10000.0;18.0;180000.0;Expansom Promocoes e Eventos Ltda;67.181.578/0001-62
00038;7609.xlsx;LOCACAO DE PAVILHAO PE DIREITO 3M PAVILHAO PE DIREITO 3M . Em estrutura modular com 10m de largura c;M2;4000.0;23.5;94000.0;Hdf-locacao de Estruturas e Eventos Eirel;13.104.368/0001-41
00038;7609.xlsx;LOCACAO DE PAVILHAO PE DIREITO 6M PAVILHAO PE DIREITO 6M . Em estrutura modular com 20m de largura c;M2;10000.0;33.0;330000.0;Hdf-locacao de Estruturas e Eventos Eirel;13.104.368/0001-41
00038;7609.xlsx;LOCACAO DE PISO EASYFLOOR EM MODULOS MED.31,5X8,5 Peso de cada modulo: 125 g. Espessura: 1,8 cm. Ar ;M2;4000.0;28.5;114000.0;Hdf-locacao de Estruturas e Eventos Eirel;13.104.368/0001-41
00038;7609.xlsx;LOCACAO DE PORTAL DETECTOR DE METAIS Portal Detector de Metais Normas Tecnicas NBR 5.4 10 - Tecnolog;UN;8.0;2576.55;20612.4;Pilar Organizacoes e Festas Ltda;20.489.773/0001-90
00038;7609.xlsx;LOCACAO DE PORTICO DE ENTRADA 10,00M X 3,00M P-30 Portico em estrutura de aluminio em Box Truss P-3 ;UN;150.0;1900.0;285000.0;Hdf-locacao de Estruturas e Eventos Eirel;13.104.368/0001-41
00038;7609.xlsx;LOCACAO DE PORTICO DE ENTRADA 5,00M X 3,00M P-30 - Portico em estrutura de aluminio em Box Truss P -;UN;150.0;1425.0;213750.0;Hdf-locacao de Estruturas e Eventos Eirel;13.104.368/0001-41
00038;7609.xlsx;LOCACAO DE PRATICAVEL ROSCO PANTOGRAFICO Fornecimento de locacao e servicos de montagem, m anutencao;UN;100.0;142.5;14250.0;Hdf-locacao de Estruturas e Eventos Eirel;13.104.368/0001-41
00038;7609.xlsx;LOCACAO DE SANITARIO PNE Sanitario quimico PNE. Cabine sanitaria quimica, individual e portatil, mod;UN;50.0;576.09;28804.5;Pilar Ecotec Ambiental Ltda;30.667.156/0001-91
00038;7609.xlsx;LOCACAO DE SANITARIO SUPERLUXO SANITARIO SUPERLUXO - Sanitario quimico Modelo Su perluxo, construido;UN;20.0;466.83;9336.6;Pilar Ecotec Ambiental Ltda;30.667.156/0001-91
00038;7609.xlsx;LOCACAO DE SANITARIOS STANDERS Sanitario Quimico Standard. Cabine Sanitaria Quim ica, Individual e P;UN;1450.0;302.94;439263.0;Pilar Ecotec Ambiental Ltda;30.667.156/0001-91
00038;7609.xlsx;LOCACAO DE SOM TIPO 1 SOM TIPO 1 Som Para shows de Grande Porte artista s com reconhecimento Naciona;DIA;80.0;13700.0;1096000.0;Expansom Promocoes e Eventos Ltda;67.181.578/0001-62
00038;7609.xlsx;LOCACAO DE SOM TIPO 2 SOM TIPO 2 Som para bandas de medio porte 04 Caix as acusticas de Subgrave 12 ;DIA;120.0;5700.0;684000.0;Expansom Promocoes e Eventos Ltda;67.181.578/0001-62
00038;7609.xlsx;LOCACAO DE SOM TIPO 3 Som para bandas de PEQUENO porte 06 caixas ativas compactas (line array) de no;DIA;40.0;2700.0;108000.0;Expansom Promocoes e Eventos Ltda;67.181.578/0001-62
00038;7609.xlsx;LOCACAO DE SOM TIPO 4 Som para bandas de PEQUENO porte 06 caixas ativas compactas (line array) de no;DIA;40.0;2700.0;108000.0;Expansom Promocoes e Eventos Ltda;67.181.578/0001-62
00038;7609.xlsx;LOCACAO DE STAND CONFECCIONADO EM OCTANORM com piso elevado e forracaoem piso easyfloor. As pecas de;M2;3300.0;66.5;219450.0;Hdf-locacao de Estruturas e Eventos Eirel;13.104.368/0001-41
00038;7609.xlsx;LOCACAO DE TABLADO ELEVADO - em estrutura metalica medindo no minimo 25 mt² com altura de no minimo ;M2;500.0;48.5;24250.0;Hdf-locacao de Estruturas e Eventos Eirel;13.104.368/0001-41
00038;7609.xlsx;LOCACAO DE TENDA 10X10 TENDA 10x10 em estrutura metalica, pintada na cor aluminio, com 2,50m de altu;UN;350.0;2380.0;833000.0;Hdf-locacao de Estruturas e Eventos Eirel;13.104.368/0001-41
00038;7609.xlsx;LOCACAO DE TENDA 3X3 TENDA 3x3 . em estrutura metalica, pintada na cor aluminio, com 2,50m de altura;UN;500.0;548.0;274000.0;Hdf-locacao de Estruturas e Eventos Eirel;13.104.368/0001-41
00038;7609.xlsx;LOCACAO DE TENDA 4X4 em estrutura metalica, pintada na cor aluminio, c om 2,50m de altura lateral em;UN;500.0;740.0;370000.0;Hdf-locacao de Estruturas e Eventos Eirel;13.104.368/0001-41
00038;7609.xlsx;LOCACAO DE TENDA 5X5 em estrutura metalica, pintada na cor aluminio, c om 2,50m de altura lateral em;UN;500.0;870.0;435000.0;Hdf-locacao de Estruturas e Eventos Eirel;13.104.368/0001-41
00038;7609.xlsx;LOCACAO PISO EASYFLOOR PLUS EM MODULOS MED.100X25 Peso de cada modulo: 2,2 kg. Espessura: 3,5. Arma ;M2;4000.0;33.25;133000.0;Hdf-locacao de Estruturas e Eventos Eirel;13.104.368/0001-41
00038;7609.xlsx;PRESTACAO DE SERVICOS Contratacao de empresa especializada para prestac ao de servicos de monitorame;UN;1.0;3540000.0;3540000.0;Datacity Servicos Ltda;02.679.522/0001-97
00038;7609.xlsx;VEICULO AUTOMOTOR TIPO PICK-UP porte leve, cabine simples, zero, na cor branca, motorizacao minima 1;UN;3.0;77999.0;233997.0;Nem Transp.e Turismo Com.e Util.magalhaes Epp;21.854.689/0001-91
