Nro Emenda;Data;Aplicação;Âmbito;Tipo;Destinação;Parlamentar;Descrição;Finalidade;Fundamento Legal;Orçado;Empenhado;Receita Recebida;Bancos Recebido
30/04/2026;8040001-Emenda Impositiva Loa/2026 Projeto de Lei 087/2025;MUNICIPAL;INDIVIDUAL (FINALIDADE DEFINIDA);CUSTEIO;JOSUE ROCHA DE OLIVEIRA;VALOR A SER DESTINADO PARA AQUISICAO DE MATERIAS ESPORTIVOS.;VALOR A SER DESTINADO PARA AQUISICAO DE MATERIAS ESPORTIVOS.;3642/2025;254176.47;0.0;0.0;0.0;0
30/04/2026;8040014-Emenda Impositiva Loa/2026 Projeto de Lei 087/2025;MUNICIPAL;INDIVIDUAL (FINALIDADE DEFINIDA);CUSTEIO;CLAUDIO RAMOS MOREIRA;Conselho Municipal do Idoso - realizacao de atividades esportivas e culturais ao publico da melhor idade.;Conselho Municipal do Idoso - realizacao de atividades esportivas e culturais ao publico da melhor idade.;3642/2025;10000.0;0.0;0.0;0.0;0
30/04/2026;8040019-Emenda Impositiva Loa/2026 Projeto de Lei 087/2025;MUNICIPAL;INDIVIDUAL (FINALIDADE DEFINIDA);CUSTEIO;ANDERSON DOS SANTOS;valor a ser utilizado para manutencao e desenvolvimento das atividades estatutarias da entidade, visando ao atendimento na area da saude de pessoas com TEA - Transtorno do Espectro Autista, entidade beneficiaria Associacao Educacional Beneficente de Ferraz de Vasconcelos CNPJ n° 03.601.048/0001-43.;valor a ser utilizado para manutencao e desenvolvimento das atividades estatutarias da entidade, visando ao atendimento na area da saude de pessoas com TEA - Transtorno do Espectro Autista, entidade beneficiaria Associacao Educacional Beneficente de Ferraz de Vasconcelos CNPJ n° 03.601.048/0001-43.;3642/2025;265000.0;0.0;0.0;0.0;0
30/04/2026;8040020-Emenda Impositiva Loa/2026 Projeto de Lei 087/2025;MUNICIPAL;INDIVIDUAL (FINALIDADE DEFINIDA);INVESTIMENTO;ANANIAS COELHO NETO;valor a ser destinado para cobertura da quadra da EMEB Joseé Sebastiao existente na Rua Jose Sebastiao n 10.;valor a ser destinado para cobertura da quadra da EMEB Jose Sebastiao  existente na Rua Jose Sebastiao n 10.;LEI N 3.642/2025;254176.47;0.0;0.0;0.0;0
30/04/2026;8040025-Emenda Impositiva Loa/2026 Projeto de Lei 087/2025;MUNICIPAL;INDIVIDUAL (FINALIDADE DEFINIDA);INVESTIMENTO;MARCOS ANTONIO CASTELLO;valor a ser utilizado para aquisicao de um (01) veiculo de sete lugares a ser destinado para o centro multidisciplinar do Autismo e outras deficiencias para locomocao dos municipes.;valor a ser utilizado para aquisicao de um (01) veiculo de sete lugares a ser destinado para o centro multidisciplinar do Autismo e outras deficiencias para locomocao dos municipes.;3642/2025;150000.0;0.0;0.0;0.0;0
30/04/2026;8040027-Emenda Impositiva Loa/2026 Projeto de Lei 087/2025;MUNICIPAL;INDIVIDUAL (FINALIDADE DEFINIDA);CUSTEIO;MARCOS ANTONIO CASTELLO;recurso a saude e bem estar da crianca com TEA - entidade beneficiaria Associacao Educacional Beneficente de Ferraz de Vasconcelos CNPJ n° 03.601.048/0001-43.;recurso a saude e bem estar da crianca com TEA - entidade beneficiaria Associacao Educacional Beneficente de Ferraz de Vasconcelos CNPJ n° 03.601.048/0001-43.;3642/2025;104176.47;0.0;0.0;0.0;0
30/04/2026;8040032-Emenda Impositiva Loa/2026 Projeto de Lei 087/2025;MUNICIPAL;INDIVIDUAL (FINALIDADE DEFINIDA);CUSTEIO;LUIZ TENORIO DE MELO;apoio financeiro para fortalecimento das acoes de atendimento e reabilitacao de pessoas com deficiencia intelectual e multipla, entidade beneficiaria Associacao de Pais e Amigos dos Excepcionais de Ferraz de Vasconcelos CNPJ n° 07.029.546/0001-14.;apoio financeiro para fortalecimento das acoes de atendimento e reabilitacao de pessoas com deficiencia intelectual e multipla, entidade beneficiaria Associacao de Pais e Amigos dos Excepcionais de Ferraz de Vasconcelos CNPJ n° 07.029.546/0001-14.;3642/2025;30000.0;0.0;0.0;0.0;0
30/04/2026;8040002-Emenda Impositiva Loa/2026 Projeto de Lei 087/2025;MUNICIPAL;INDIVIDUAL (FINALIDADE DEFINIDA);CUSTEIO;JOSUE ROCHA DE OLIVEIRA;valor a ser utilizado para manutencao e desenvolvimento das atividades estatutarias da entidade, visando ao atendimento na area da saude com pessoas com TEA - Transtorno do Espectro Autista, entidade beneficiaria Associacao Educacional Beneficente de Ferraz de Vasconcelos CNPJ n  03.601.048/0001-43.;valor a ser utilizado para manutencao e desenvolvimento das atividades estatutarias da entidade, visando ao atendimento na area da saude com pessoas com TEA - Transtorno do Espectro Autista, entidade beneficiaria Associacao Educacional Beneficente de Ferraz de Vasconcelos CNPJ n  03.601.048/0001-43.;3642/2025;254176.47;0.0;0.0;0.0;0
30/04/2026;8040028-Emenda Impositiva Loa/2026 Projeto de Lei 087/2025;MUNICIPAL;INDIVIDUAL (FINALIDADE DEFINIDA);CUSTEIO;MARCOS ANTONIO CASTELLO;VALOR DESTINADO PARA AQUISICAO DE COMPRAS DE MATERIAIS ESPORTIVOS.;VALOR DESTINADO PARA AQUISICAO DE COMPRAS DE MATERIAIS ESPORTIVOS.;3642/2025;35001.0;30600.0;0.0;0.0;0
30/04/2026;8040041-Emenda Impositiva Loa/2026 Projeto de Lei 087/2025;MUNICIPAL;INDIVIDUAL (FINALIDADE DEFINIDA);CUSTEIO;HODIRLEI MARTINS PEREIRA;Execucao do festival de fanfarra;Execucao do festival de fanfarra;3642/2025;10000.0;0.0;0.0;0.0;0
30/04/2026;8040043-Emenda Impositiva Loa/2026 Projeto de Lei 087/2025;MUNICIPAL;INDIVIDUAL (FINALIDADE DEFINIDA);CUSTEIO;HODIRLEI MARTINS PEREIRA;valor destinado para infraestrutura da APAE, incluindo reforma, ampliacao, adequacao fisica, acessibilidade, aquisicao de materiais permanentes e melhorias estruturais necessarias ao atendimento da entidade, entidade beneficiaria Associacao de Pais e Amigos dos Excepcionais de Ferraz de Vasconcelos CNPJ n° 07.029.546/0001-14.;valor destinado para infraestrutura da APAE, incluindo reforma, ampliacao, adequacao fisica, acessibilidade, aquisicao de materiais permanentes e melhorias estruturais necessarias ao atendimento da entidade, entidade beneficiaria Associacao de Pais e Amigos dos Excepcionais de Ferraz de Vasconcelos CNPJ n° 07.029.546/0001-14.;3642/2025;15000.0;0.0;0.0;0.0;0
30/04/2026;8040044-Emenda Impositiva Loa/2026 Projeto de Lei 087/2025;MUNICIPAL;INDIVIDUAL (FINALIDADE DEFINIDA);CUSTEIO;HODIRLEI MARTINS PEREIRA;valor a ser destinado para adequacao ou reforma das unidades da entidade, a serem utilizados com custeio de pessoal observado o limite de 30% do montante repassado, a ser definidos no plano de trabalho da entidade, entidade beneficiaria Servico Promocional Nossa Senhora Aparecida CNPJ n° 58.477.555/0001-09.;valor a ser destinado para adequacao ou reforma das unidades da entidade, a serem utilizados com custeio de pessoal observado o limite de 30% do montante repassado, a ser definidos no plano de trabalho da entidade, entidade beneficiaria Servico Promocional Nossa Senhora Aparecida CNPJ n° 58.477.555/0001-09.;3642/2025;35000.0;0.0;0.0;0.0;0
30/04/2026;8040045-Emenda Impositiva Loa/2026 Projeto de Lei 087/2025;MUNICIPAL;INDIVIDUAL (FINALIDADE DEFINIDA);CUSTEIO;HODIRLEI MARTINS PEREIRA;Valor a ser destinado para formacao e capacitacao continuada dos agentes publicos.;Valor a ser destinado para formacao e capacitacao continuada dos agentes publicos.;3642/2025;254176.47;32294.0;0.0;0.0;0
30/04/2026;8040048-Emenda Impositiva Loa/2026 Projeto de Lei 087/2025;MUNICIPAL;INDIVIDUAL (FINALIDADE DEFINIDA);CUSTEIO;ANANIAS COELHO NETO;valor destinado para as acoes do mes alusivo ao Outubro Rosa, conscientizacao e prevencao precoce do cancer de mama e cancer de colo uterino.;valor destinado para as acoes do mes alusivo ao Outubro Rosa, conscientizacao e prevencao precoce do cancer de mama e cancer de colo uterino.;3642/2025;30000.0;0.0;0.0;0.0;0
30/04/2026;8040052-Emenda Impositiva Loa/2026 Projeto de Lei 087/2025;MUNICIPAL;INDIVIDUAL (FINALIDADE DEFINIDA);CUSTEIO;ALEXANDRO SANTOS ALVES SILVA;Valor destinado para fomento do resgate das brincadeiras antigas.;Valor destinado para fomento do resgate das brincadeiras antigas;3642/2025;30000.0;0.0;0.0;0.0;0
30/04/2026;8040054-Emenda Impositiva Loa/2026 Projeto de Lei 087/2025;MUNICIPAL;INDIVIDUAL (FINALIDADE DEFINIDA);CUSTEIO;ALEXANDRO SANTOS ALVES SILVA;Valor destinado para acoes do mes alusivo ao Outubro Rosa.;Valor destinado para acoes do mes alusivo ao Outubro Rosa.;3642/2025;20000.0;0.0;0.0;0.0;0
30/04/2026;8040055-Emenda Impositiva Loa/2026 Projeto de Lei 087/2025;MUNICIPAL;INDIVIDUAL (FINALIDADE DEFINIDA);CUSTEIO;ALEXANDRO SANTOS ALVES SILVA;Valor destinado para formacao e capacitacao dos agentes publicos.;Valor destinado para formacao e capacitacao dos agentes publicos.;3642/2025;234176.47;0.0;0.0;0.0;0
30/04/2026;8040059-Emenda Impositiva Loa/2026 Projeto de Lei 087/2025;MUNICIPAL;INDIVIDUAL (FINALIDADE DEFINIDA);CUSTEIO;EWERTON DE LISSA SOUZA;Valor destinado para formacao e capacitacao continuada dos agentes publicos.;Valor destinado para formacao e capacitacao continuada dos agentes publicos.;3642/2025;254176.47;0.0;0.0;0.0;0
30/04/2026;8040063-Emenda Impositiva Loa/2026 Projeto de Lei 087/2025;MUNICIPAL;INDIVIDUAL (FINALIDADE DEFINIDA);CUSTEIO;VALTER COSTA FERNANDES;valor destinado para custeio e manutencao das atividades da entidade de modo a formentar o atendimento realizado no municipio na area da educacao, entidade beneficiaria ASSOCIACAO BENEFICENTE ANJOS DE OURO CNPJ numero 22.227.741/0001-42.;valor destinado para custeio e manutencao das atividades da entidade de modo a formentar o atendimento realizado no municipio na area da educacao, entidade beneficiaria ASSOCIACAO BENEFICENTE ANJOS DE OURO CNPJ numero 22.227.741/0001-42;3642/2025;24176.47;0.0;0.0;0.0;0
30/04/2026;8040065-Emenda Impositiva Loa/2026 Projeto de Lei 087/2025;MUNICIPAL;INDIVIDUAL (FINALIDADE DEFINIDA);CUSTEIO;VALTER COSTA FERNANDES;Valor destinado para formacao e capacitacao continuada dos agentes publicos.;Valor destinado para formacao e capacitacao continuada dos agentes publicos.;3642/2025;254176.47;0.0;0.0;0.0;0
30/04/2026;8040067-Emenda Impositiva Loa/2026 Projeto de Lei 087/2025;MUNICIPAL;INDIVIDUAL (FINALIDADE DEFINIDA);CUSTEIO;DIEGO PINHEIRO DE OLIVEIRA;Valor destinado para custeio e manutencao das atividades estatutarias da entidade para atendimento na area da saude de pessoas com TEA  Transtorno do Espectro Autista, entidade beneficiaria Associacao Educacional Beneficente de Ferraz de Vasconcelos CNPJ n° 03.601.048/0001-43.;Valor destinado para custeio e manutencao das atividades estatutarias da entidade para atendimento na area da saude de pessoas com TEA  Tra nstorno do Espectro Autista, entidade beneficiaria Associacao Educacional Beneficente de Ferraz de Vasconcelos CNPJ n° 03.601.048/0001-43.;3642/2025;254176.47;0.0;0.0;0.0;0
30/04/2026;8040069-Emenda Impositiva Loa/2026 Projeto de Lei 087/2025;MUNICIPAL;INDIVIDUAL (FINALIDADE DEFINIDA);CUSTEIO;SELMA FRANCISCA DOS SANTOS;valor destinado para custeio e manutencoes ou compras de materiais, entidade beneficiaria Associacao de Pais e Amigos dos Excepcionais de Ferraz de Vasconcelos CNPJ n° 07.029.546/0001-14.;valor destinado para custeio e manutencoes ou compras de materiais, entidade beneficiaria Associacao de Pais e Amigos dos Excepcionais de Ferraz de Vasconcelos CNPJ n° 07.029.546/0001-14.;3642/2025;10000.0;0.0;0.0;0.0;0
30/04/2026;8040072-Emenda Impositiva Loa/2026 Projeto de Lei 087/2025;MUNICIPAL;INDIVIDUAL (FINALIDADE DEFINIDA);CUSTEIO;SELMA FRANCISCA DOS SANTOS;valor destinado para adequacao, manutencao ou compras de materiais, entidade beneficiaria AMAFV - Associacao das Maes de Alunos e Portadores de TEA - Transtorno do Espectro Autista de Ferraz de Vasconcelos CNPJ n° 18.312.133/0001-69.;valor destinado para adequacao, manutencao ou compras de materiais, entidade beneficiaria AMAFV - Associacao das Maes de Alunos e Portadores de TEA - Transtorno do Espectro Autista de Ferraz de Vasconcelos CNPJ n° 18.312.133/0001-69.;3.642/2025;20000.0;0.0;0.0;0.0;0
30/04/2026;8040080-Emenda Impositiva Loa/2026 Projeto de Lei 087/2025;MUNICIPAL;INDIVIDUAL (FINALIDADE DEFINIDA);CUSTEIO;SELMA FRANCISCA DOS SANTOS;valor destinado para compra de materiais ou equipamentos musicais para o Centro de Juventude Vila Margarida, entidade beneficiaria Servico Promocional Nossa Senhora Aparecida CNPJ n° 58.477.555/0001-09.;valor destinado para compra de materiais ou equipamentos musicais para o Centro de Juventude Vila Margarida, entidade beneficiaria Servico Promocional Nossa Senhora Aparecida CNPJ n° 58.477.555/0001-09.;3642/2025;11588.24;0.0;0.0;0.0;0
30/04/2026;8040081-Emenda Impositiva Loa/2026 Projeto de Lei 087/2025;MUNICIPAL;INDIVIDUAL (FINALIDADE DEFINIDA);CUSTEIO;SELMA FRANCISCA DOS SANTOS;valor destinado para compra de equipamentos musicais para o Projeto Aconchego 60+, entidade beneficiaria Centro de Apoio Acao e Transformacao OIAEU CNPJ n° 04.407.319/0001-07;valor destinado para compra de equipamentos musicais para o Projeto Aconchego 60+, entidade beneficiaria Centro de Apoio Acao e Transformacao OIAEU CNPJ n° 04.407.319/0001-07;3642/2025;11588.24;0.0;0.0;0.0;0
30/04/2026;8040082-Emenda Impositiva Loa/2026 Projeto de Lei 087/2025;MUNICIPAL;INDIVIDUAL (FINALIDADE DEFINIDA);INVESTIMENTO;SELMA FRANCISCA DOS SANTOS;Valor destinado para compra de um (01) veiculo Van ou utilitario, para transporte de pacientes em tratamento ou para fins de utilizacao do centro de fisioterapico para o Centro de Fisioterapia Dr. Alfredo Walter Regner.;Valor destinado para compra de um (01) veiculo Van ou utilitario, para transporte de pacientes em tratamento ou para fins de utilizacao do centro de fisioterapico para o Centro de Fisioterapia Dr. Alfredo Walter Regner.;3642/2025;154176.47;0.0;0.0;0.0;0
30/04/2026;8040084-Emenda Impositiva Loa/2026 Projeto de Lei 087/2025;MUNICIPAL;INDIVIDUAL (FINALIDADE DEFINIDA);CUSTEIO;ELIEL DE SOUZA;valor a ser destinado para realizacao do Dia do Adolescente, conforme calendario de eventos do Municipio.;valor a ser destinado para realizacao do Dia do Adolescente, conforme calendario de eventos do Municipio.;3642/2025;50000.0;0.0;0.0;0.0;0
30/04/2026;8040086-Emenda Impositiva Loa/2026 Projeto de Lei 087/2025;MUNICIPAL;INDIVIDUAL (FINALIDADE DEFINIDA);CUSTEIO;ELIEL DE SOUZA;Valor destinado para manutencao e conservacao da edificacao da OSC, entidade beneficiaria Associacao Educacional Beneficente de Ferraz de Vasconcelos CNPJ n 03.601.048/0001-43.;Valor destinado para manutencao e conservacao da edificacao da OSC, entidade beneficiaria Associacao Educacional Beneficente de Ferraz de Vasconcelos CNPJ n 03.601.048/0001-43.;3642/2025;50000.0;0.0;0.0;0.0;0
30/04/2026;8040088-Emenda Impositiva Loa/2026 Projeto de Lei 087/2025;MUNICIPAL;INDIVIDUAL (FINALIDADE DEFINIDA);CUSTEIO;ELIEL DE SOUZA;valor a ser utilizado para custeio, manutencao e desenvolvimento das atividades estatutarias da entidade, visando o atendimento na area da saude de pessoas com TEA Transtorno do Espectro Autista, entidade bene ficiaria Associacao Educacional Beneficente de Ferraz de Vasconcelos CNPJ n.03.601.048/0001-43.;valor a ser utilizado para custeio, manutencao e desenvolvimento das atividades estatutarias da entidade, visando o atendimento na area da saude de pessoas com TEA Transtorno do Espectro Autista, entidade bene ficiaria Associacao Educacional Beneficente de Ferraz de Vasconcelos CNPJ n.03.601.048/0001-43.;3642/2025;254176.47;0.0;0.0;0.0;0
30/04/2026;8040093-Emenda Impositiva Loa/2026 Projeto de Lei 087/2025;MUNICIPAL;INDIVIDUAL (FINALIDADE DEFINIDA);CUSTEIO;CLAUDIO ROBERTO SQUIZATO;valor a ser destinado para realizacao do evento do Dia Municipal do Reggae Music, com contratacao da Banda Ponto de Equilibrio.;valor a ser destinado para realizacao do evento do Dia Municipal do Reggae Music, com contratacao da Banda Ponto de Equilibrio.;3.642/2025;120000.0;120000.0;0.0;0.0;0
30/04/2026;8040095-Emenda Impositiva Loa/2026 Projeto de Lei 087/2025;MUNICIPAL;INDIVIDUAL (FINALIDADE DEFINIDA);CUSTEIO;DAVID F DOS SANTOS JUNIOR;Aquisição de materiais, adequação predial, entidade beneficiária AMAFV Associação das Mães dos Autistas  e Portadoras  do  TEA- Transtorno do Espectro Autista de Ferraz de Vasconcelos CNPJ n° 18.312.133/0001-69.;Aquisicao de materiais, adequacao predial, entidade beneficiaria AMAFV Associacao das Maes dos Autistas e Portadoras do TEA- Transtorno do Espectro Autista de Ferraz de Vasconcelos CNPJ n° 18.312.133/0001-69.;3642/2025;77000.0;0.0;0.0;0.0;0
30/04/2026;8040096-Emenda Impositiva Loa/2026 Projeto de Lei 087/2025;MUNICIPAL;INDIVIDUAL (FINALIDADE DEFINIDA);CUSTEIO;DAVID F DOS SANTOS JUNIOR;Custeio do RH (recursos humanos), objetivando manter o equilíbrio financeiro e funcionamento da organização, entidade beneficiária AMAFV Associação das Mães dos Autistas e Portadores do TEA- Transtorno do Espectro Autista de Ferraz de Vasconcelos CNPJ n° 18.312.133/0001-69.;Custeio do RH (recursos humanos), objetivando manter o equilibrio financeiro e funcionamento da organizacao, entidade beneficiaria AMAFV Associacao das Maes dos Autistas e Portadores do TEA- Transtorno do Espectro Autista de Ferraz de Vasconcelos CNPJ n° 18.312.133/0001-69.;3642/2025;33000.0;0.0;0.0;0.0;0
30/04/2026;8040097-Emenda Impositiva Loa/2026 Projeto de Lei 087/2025;MUNICIPAL;INDIVIDUAL (FINALIDADE DEFINIDA);CUSTEIO;DAVID F DOS SANTOS JUNIOR;Custeio do RH (recursos humanos), objetivando manter o equilibrio financeiro e funcionamento da organizacao, entidade beneficiaria Associacao de Pais e Amigos dos Excepcionais de Ferraz de Vasconcelos CNPJ n° 07.029.546/0001-14.;Custeio do RH (recursos humanos), objetivando manter o equilibrio financeiro e funcionamento da organizacao, entidade beneficiaria Associacao de Pais e Amigos dos Excepcionais de Ferraz de Vasconcelos CNPJ n° 07.029.546/0001-14.;3642/2025;21000.0;0.0;0.0;0.0;0
30/04/2026;8040098-Emenda Impositiva Loa/2026 Projeto de Lei 087/2025;MUNICIPAL;INDIVIDUAL (FINALIDADE DEFINIDA);CUSTEIO;DAVID F DOS SANTOS JUNIOR;Valor destinado para infraestrutura da APAE, incluindo reforma, ampliacao, adequacao fisica, acessibilidade, aquisicao de materiais permanentes e melhorias estruturais necessarias ao atendimento da entidade, entidade beneficiaria Associacao de Pais e Amigos dos Excepcionais de Ferraz de Vasconcelos CNPJ n° 07.029.546/0001-14.;Valor destinado para infraestrutura da APAE, incluindo reforma, ampliacao, adequacao fisica, acessibilidade, aquisicao de materiais permanentes e melhorias estruturais necessarias ao atendimento da entidade, entidade beneficiaria Associacao de Pais e Amigos dos Excepcionais de Ferraz de Vasconcelos CNPJ n° 07.029.546/0001-14.;3642/2025;48000.0;0.0;0.0;0.0;0
30/04/2026;8040110-Emenda Impositiva Loa/2026 Projeto de Lei 087/2025;MUNICIPAL;INDIVIDUAL (FINALIDADE DEFINIDA);CUSTEIO;RENATO RAMOS DE SOUZA;Ampliacao dos atendimentos clinicos e laboratoriais atraves de aquisicao de materiais e adequacao predial da unidade, entidade beneficiaria AMAFV Associacao das Maes dos Autistas e Portadores do TEA- Transtorno do Espectro Autista de Ferraz de Vasconcelos CNPJ n° 18.312.133/0001-69.;Ampliacao dos atendimentos clinicos e laboratoriais atraves de aquisicao de materiais e adequacao predial da unidade, entidade beneficiaria AMAFV Associacao das Maes dos Autistas e Portadores do TEA- Transtorno do Espectro Autista de Ferraz de Vasconcelos CNPJ n° 18.312.133/0001-69.;3642/2025;77000.0;0.0;0.0;0.0;0
30/04/2026;8040111-Emenda Impositiva Loa/2026 Projeto de Lei 087/2025;MUNICIPAL;INDIVIDUAL (FINALIDADE DEFINIDA);CUSTEIO;RENATO RAMOS DE SOUZA;Custeio do RH (recursos humanos), objetivando manter as condições mínimas de equilfbrio financeiros e funcionamento da organização, entidade beneficia.a AMAFV Associação das Mães dos Autistas e Portadores do TEA- Transtorno do Espectro Autista de Ferraz de Vasconcelos CNPJ n° 18.312.133/0001-69.;Custeio do RH (recursos humanos), objetivando manter as condições mínimas de equilfbrio financeiros e funcionamento da organização, entidade beneficia.a AMAFV Associação das Mães dos Autistas e Portadores do TEA- Transtorno do Espectro Autista de Ferraz de Vasconcelos CNPJ n° 18.312.133/0001-69.;3642/2025;33000.0;0.0;0.0;0.0;0
30/04/2026;8040112-Emenda Impositiva Loa/2026 Projeto de Lei 087/2025;MUNICIPAL;INDIVIDUAL (FINALIDADE DEFINIDA);INVESTIMENTO;RENATO RAMOS DE SOUZA;Aquisicao de veiculo, modelo hatch popular, cinco lugares, modelo de motor entre 1.0 e 1.5, para transporte dos profissionais da Estrategia da Saude Familiar, proporcionando melhores condicoes de mobilidade dos profissionais.;Aquisicao de veiculo, modelo hatch popular, cinco lugares, modelo de motor entre 1.0 e 1.5, para transporte dos profissionais da Estrategia da Saude Familiar, proporcionando melhores condicoes de mobilidade dos profissionais.;3642/2025;50000.0;0.0;0.0;0.0;0
30/04/2026;8040113-Emenda Impositiva Loa/2026 Projeto de Lei 087/2025;MUNICIPAL;INDIVIDUAL (FINALIDADE DEFINIDA);CUSTEIO;RENATO RAMOS DE SOUZA;custeio do RH (recursos humanos), objetivando manter o equilibrio financeiros e funcionamento da organizacao, entidade beneficiaria Associacao de Pais e Amigos dos Excepcionais de Ferraz de Vasconcelos CNPJ n° 07.029.546/0001-14.;custeio do RH (recursos humanos), objetivando manter o equilibrio financeiros e funcionamento da organizacao, entidade beneficiaria Associacao de Pais e Amigos dos Excepcionais de Ferraz de Vasconcelos CNPJ n° 07.029.546/0001-14.;3642/2025;21000.0;0.0;0.0;0.0;0
30/04/2026;8040114-Emenda Impositiva Loa/2026 Projeto de Lei 087/2025;MUNICIPAL;INDIVIDUAL (FINALIDADE DEFINIDA);CUSTEIO;RENATO RAMOS DE SOUZA;Valor destinado para infraestrutura da APAE, incluindo reforma, ampliacao, adequacao fisica, acessibilidade, aquisicao de materiais permanentes e melhorias estruturais necessarias ao atendimento da entidade, entidade beneficiaria Associacao de Pais e Amigos dos Excepcionais de Ferraz de Vasconcelos CNPJ n° 07.029.546/0001-14.;Valor destinado para infraestrutura da APAE, incluindo reforma, ampliacao, adequacao fisica, acessibilidade, aquisicao de materiais permanentes e melhorias estruturais necessarias ao atendimento da entidade, entidade beneficiaria Associacao de Pais e Amigos dos Excepcionais de Ferraz de Vasconcelos CNPJ n° 07.029.546/0001-14.;3642/2025;48000.0;0.0;0.0;0.0;0
30/04/2026;8040117-Emenda Impositiva Loa/2026 Projeto de Lei 087/2025;MUNICIPAL;INDIVIDUAL (FINALIDADE DEFINIDA);CUSTEIO;RENATO RAMOS DE SOUZA;Aquisicao de Van para transporte dos musicos e instrumentos do Projeto Cordas que Restaram, entidade beneficiaria Organizacao Social de Estimulo a Educacao e Cultura no Brasil - OSSEC CNPJ n. 19.362.558/0002-26.;Aquisicao de Van para transporte dos musicos e instrumentos do Projeto Cordas que Restaram, entidade beneficiaria Organizacao Social de Estimulo a Educacao e Cultura no Brasil - OSSEC CNPJ n. 19.362.558/0002-26.;3642/2025;100000.0;0.0;0.0;0.0;0
30/04/2026;8040118-Emenda Impositiva Loa/2026 Projeto de Lei 087/2025;MUNICIPAL;INDIVIDUAL (FINALIDADE DEFINIDA);CUSTEIO;RENATO RAMOS DE SOUZA;Promocao e desenvolvimento do esporte (futebol), entidade beneficiaria Organizacao Social de Estimulo a Educacao e Cultura no Brasil OSSEC CNPJ n. 19.362.558/0002-26.;Promocao e desenvolvimento do esporte (futebol), entidade beneficiaria Organizacao Social de Estimulo a Educacao e Cultura no Brasil  OSSEC CNPJ n. 19.362.558/0002-26.;3642/25;20000.0;0.0;0.0;0.0;0
30/04/2026;8040120-Emenda Impositiva Loa/2026 Projeto de Lei 087/2025;MUNICIPAL;INDIVIDUAL (FINALIDADE DEFINIDA);CUSTEIO;RENATO RAMOS DE SOUZA;Fomento de atividades recreativas para terceira idade (60+), entidade beneficiaria Centro de Apoio Acao e Transformacao OIAEU CNPJ n° 04.407.319/0001-97.;Fomento de atividades recreativas para terceira idade (60+), entidade beneficiaria Centro de Apoio Acao e Transformacao OIAEU CNPJ n° 04.407.319/0001-97.;3642/2025;10000.0;0.0;0.0;0.0;0
30/04/2026;8040121-Emenda Impositiva Loa/2026 Projeto de Lei 087/2025;MUNICIPAL;INDIVIDUAL (FINALIDADE DEFINIDA);CUSTEIO;RENATO RAMOS DE SOUZA;Compra de camisetas e material grafico pedagogico para cursinho preparatorio ETEC.;Compra de camisetas e material grafico pedagogico para cursinho preparatorio ETEC.;3642/2025;5000.0;4800.0;0.0;0.0;0
30/04/2026;8040122-Emenda Impositiva Loa/2026 Projeto de Lei 087/2025;MUNICIPAL;INDIVIDUAL (FINALIDADE DEFINIDA);CUSTEIO;RENATO RAMOS DE SOUZA;compra de uniforme para ginastica global.;compra de uniforme para ginastica global.;3642/2025;5000.0;0.0;0.0;0.0;0
30/04/2026;8040101-Emenda Impositiva Loa/2026 Projeto de Lei 087/2025;MUNICIPAL;INDIVIDUAL (FINALIDADE DEFINIDA);CUSTEIO;DAVID F DOS SANTOS JUNIOR;compra de uniforme para ginastica global.;compra de uniforme para ginastica global.;3642/2025;5000.0;0.0;0.0;0.0;0
30/04/2026;8040103-Emenda Impositiva Loa/2026 Projeto de Lei 087/2025;MUNICIPAL;INDIVIDUAL (FINALIDADE DEFINIDA);CUSTEIO;DAVID F DOS SANTOS JUNIOR;matutencao entidade beneficiaria INSTITUTO SOCIAL HORIZONTES DO SABER CNPJ numero 02.082.848/0001-32.;Manutencao entidade beneficiaria Instituto Social Horizontes do Saber CNPJ numero 02.082.848/0001-32.;3642/2025;10000.0;0.0;0.0;0.0;0
30/04/2026;8040126-Emenda Impositiva Loa/2026 Projeto de Lei 087/2025;MUNICIPAL;INDIVIDUAL (FINALIDADE DEFINIDA);CUSTEIO;RENATO RAMOS DE SOUZA;Contratacao de atracoes para o dia da juventude catolica.;Contratacao de atracoes para o dia da juventude catolica.;3.642/2025;24000.0;0.0;0.0;0.0;0
30/04/2026;8040105-Emenda Impositiva Loa/2026 Projeto de Lei 087/2025;MUNICIPAL;INDIVIDUAL (FINALIDADE DEFINIDA);CUSTEIO;DAVID F DOS SANTOS JUNIOR;Programa de transferencia de recurso financeiro para a EMEB PREFEITO AANGELO CASTELLO.;PROGRAMA DE TRANSFERENCIA DE RECURSO FINANCEIRO PARA A EMEB PREFEITO AANGELO CASTELLO.;3642/2025;10000.0;0.0;0.0;0.0;0
30/04/2026;8040106-Emenda Impositiva Loa/2026 Projeto de Lei 087/2025;MUNICIPAL;INDIVIDUAL (FINALIDADE DEFINIDA);CUSTEIO;DAVID F DOS SANTOS JUNIOR;Contratacao de atracoes para o dia da juventude catolica.;contratacao de atracoes para o dia da juventude catolica.;3.642/2025;16000.0;0.0;0.0;0.0;0
30/04/2026;8040127-Emenda Impositiva Loa/2026 Projeto de Lei 087/2025;MUNICIPAL;INDIVIDUAL (FINALIDADE DEFINIDA);CUSTEIO;RENATO RAMOS DE SOUZA;PROGRAMA DE TRANSFERENCIA DE RECURSO FINANCEIRO PARA A EMEB ELVIO TEIXEIRA.;PROGRAMA DE TRANSFERENCIA DE RECURSO FINANCEIRO PARA A EMEB ELVIO TEIXEIRA.;3642/2025;10000.0;0.0;0.0;0.0;0
30/04/2026;8040108-Emenda Impositiva Loa/2026 Projeto de Lei 087/2025;MUNICIPAL;INDIVIDUAL (FINALIDADE DEFINIDA);CUSTEIO;DAVID F DOS SANTOS JUNIOR;compra de camisetas e material grafico pedagogico para cursinho preparatorio ETEC.;COMPRA DE CAMISETAS E MATERIAL GRAFICO PEDAGOGICO PARA CURSINHO PREPARATORIO ETEC.;3642/2025;10000.0;0.0;0.0;0.0;0
30/04/2026;8040003-Emenda Impositiva Loa/2026 Projeto de Lei 087/2025;MUNICIPAL;INDIVIDUAL (FINALIDADE DEFINIDA);INVESTIMENTO;CLAUDIO RAMOS MOREIRA;VALOR A SER DESTINADO PARA AQUISICAO DE EQUIPAMENTOS MOBILIARIOS MEDICO HOSPITALARES EM GERAL E ELETRODOMESTICOS PARA O CAPSS II.;VALOR A SER DESTINADO PARA AQUISICAO DE EQUIPAMENTOS MEDICOS HOSPITALARES EM GERAL E ELETRODOMESTICOS PARA O CAPS II.;3642/2025;84725.49;0.0;0.0;0.0;0
30/04/2026;8040004-Emenda Impositiva Loa/2026 Projeto de Lei 087/2025;MUNICIPAL;INDIVIDUAL (FINALIDADE DEFINIDA);INVESTIMENTO;CLAUDIO RAMOS MOREIRA;VALOR A SER DESTINADO PARA AQUISICAO DE EQUIPAMENTOS MOBILIARIOS MEDICOS HOSPITALARES EM GERAL E ELETRODOMESTICOS PARA O AMBULATORIO DE SAUDE MENTAL.;VALOR DESTINADO PARA AQUISICAO DE EQUIPAMENTOS MOBILIARIOS MEDICO HOSPITALARES EM GERAL E ELETRODOMESTICOS PARA O AMBULATORIO DE SAUDE MENTAL.;3642/2025;84725.49;0.0;0.0;0.0;0
30/04/2026;8040005-Emenda Impositiva Loa/2026 Projeto de Lei 087/2025;MUNICIPAL;INDIVIDUAL (FINALIDADE DEFINIDA);INVESTIMENTO;CLAUDIO RAMOS MOREIRA;VALOR A SER DESTINADO PARA AQUISICAO DE EQUIPAMENTOS MOBILIARIOS MEDICO HOSPITALARES EM GERAL E ELETRODOMESTICOS PARA O CAPS AD.;VALOR A SER DESTINADO PARA AQUISICAO DE EQUIPAMENTOS MOBILIARIOS MEDICO HOSPITALARES EM GERAL E ELETRODOMESTICOS PARA O CAPS AD.;3642/2025;84725.49;0.0;0.0;0.0;0
30/04/2026;8040006-Emenda Impositiva Loa/2026 Projeto de Lei 087/2025;MUNICIPAL;INDIVIDUAL (FINALIDADE DEFINIDA);CUSTEIO;CLAUDIO RAMOS MOREIRA;VALOR DESTINADO PARA PROMOCAO DE PASSEIO CICLISTICO EM ALUSAO AO DIA DO PEDAL SOLIDARIO, COMEMORANDO NO PRIMEIRO DOMINGO DE DEZEMBRO, BEM ASSIM AO DIA NACIONAL DO CICLISTA COMEMORADO EM 19 DE AGOSTO, ENTIDADE BENEFICIARIA INSTITITUTO DE INCLUSAO E RESPONSABILIDADE SOCIAL SE LIAGA CNPJ N. 08.844.628/0001-85.;VALOR DESTINADO PARA PROMOCAO DE PASSEIO CICLISTICO EM ALUSAO AO DIA DO PEDAL SOLIDARIO, COMEMORADO NO PRIMEIRO DOMINGO DE DEZEMBRO, BEM ASSIM AO DIA NACIONAL DO CICLISTA COMEMORADO EM 19 DE AGOSTO, ENTIDADE BENEFICIARIA INSTITUTO DE INCLUSAO E RESPONSABILIDADE SOCIAL SE LIGA CNPJ N. 08.844.628/0001-85;3642/2025;79176.47;0.0;0.0;0.0;0
30/04/2026;8040007-Emenda Impositiva Loa/2026 Projeto de Lei 087/2025;MUNICIPAL;INDIVIDUAL (FINALIDADE DEFINIDA);CUSTEIO;CLAUDIO RAMOS MOREIRA;VALOR A SER DESTINADO AS COMEMORACOES ALUSIVAS AO DIA DO VIDEIRO.;VALOR A SER DESTINADO AS COMEMORACOES ALUSIVAS AO DIA DO VIDEIRO.;3642/2025;30000.0;30000.0;0.0;0.0;0
30/04/2026;8040008-Emenda Impositiva Loa/2026 Projeto de Lei 087/2025;MUNICIPAL;INDIVIDUAL (FINALIDADE DEFINIDA);CUSTEIO;CLAUDIO RAMOS MOREIRA;VALOR A SER DESTINADO A FESTA NORDESTINA DO CENTRO DE CULTURA, LAZER E ESPORTE TIO TEO, VILA CORREA.;VALOR A SER DESTINADO A REALIZACAO DA FESTA NORDESTINA DO CENTRO DE CULTURA, LAZER E ESPORTE TIO TEO, VILA CORREA.;3642/2025;20000.0;0.0;0.0;0.0;0
30/04/2026;8040009-Emenda Impositiva Loa/2026 Projeto de Lei 087/2025;MUNICIPAL;INDIVIDUAL (FINALIDADE DEFINIDA);CUSTEIO;CLAUDIO RAMOS MOREIRA;VALOR A SER DESTINADO A REALIZACAO DO EVENTO CULTURAL ALUSIVO AS RELIGIOES DE MATRIZES AFRICANAS.;VALOR A SER DESTINADO A REALIZACAO DO EVENTO CULTURAL ALUSIVO AS RELIGIOES DE MATRIZES AFRICANAS.;3642/2025;45000.0;21934.7;0.0;0.0;0
30/04/2026;8040010-Emenda Impositiva Loa/2026 Projeto de Lei 087/2025;MUNICIPAL;INDIVIDUAL (FINALIDADE DEFINIDA);CUSTEIO;CLAUDIO RAMOS MOREIRA;VALOR A SER DESTINADO PARA REALIZACAO DE DAS CRIANCAS DO JARDIM ROSANA E ADJACENCIAS.;VALOR A SER DESTINADO PARA REALIZACAO DA FESTA DAS CRIANCAS DO JARDIM ROSANA E ADJACENCIAS.;3642/2025;20000.0;0.0;0.0;0.0;0
30/04/2026;8040011-Emenda Impositiva Loa/2026 Projeto de Lei 087/2025;MUNICIPAL;INDIVIDUAL (FINALIDADE DEFINIDA);CUSTEIO;CLAUDIO RAMOS MOREIRA;VALOR A SER DESTINADO A REALIZACAO DA FESTA DAS CRIANCAS DO CONJUNTO HABITACIONAL ITAJUIBE.;VALOR A SER DESTINADO PARA REALIZACAO DA FESTA DAS CRIANCAS DO CONJUNTO HABITACIONAL ITAJUIBE.;3642/2025;15000.0;0.0;0.0;0.0;0
30/04/2026;8040012-Emenda Impositiva Loa/2026 Projeto de Lei 087/2025;MUNICIPAL;INDIVIDUAL (FINALIDADE DEFINIDA);CUSTEIO;CLAUDIO RAMOS MOREIRA;VALOR DESTINADO A RELIAZACAO DA FESTA NORDESTINA DO JARDIM ROSANA E ADJACENCIAS.;VALOR A SER DESTINADO A FESTA NORDESTINA DO JARDIM ROSANA E ADJACENCIAS.;3642/2025;20000.0;0.0;0.0;0.0;0
30/04/2026;8040013-Emenda Impositiva Loa/2026 Projeto de Lei 087/2025;MUNICIPAL;INDIVIDUAL (FINALIDADE DEFINIDA);CUSTEIO;CLAUDIO RAMOS MOREIRA;VALOR A SER DESTINADO PARA REALIZACAO DA FESTA DAS CRIANCAS DO JARDIM ANCHIETA E ADJACENCIAS.;VALOR A SER DESTINADO PARA RELIAZACAO DA FESTA DAS CRIANCAS DO JARDIM ANCHIETA E ADJACENCIAS.;3642/2025;15000.0;0.0;0.0;0.0;0
30/04/2026;8040015-Emenda Impositiva Loa/2026 Projeto de Lei 087/2025;MUNICIPAL;INDIVIDUAL (FINALIDADE DEFINIDA);CUSTEIO;ANDERSON DOS SANTOS;VALOR A SER DESTINADO PARA DESENVOLVIMENTO DAS COMPETENCIAS DA PASTA, PODENDO SER UTILIZADO NA COMPRA DE MATERIAIS.;VALOR A SER UTILIZADO PARA DESENVOLVIMENTO DAS COMPETENCIAS DA PASTA, PODENDO SER UTILIZADO NA COMPRA DE MATERIAIS.;3642/2025;68352.94;0.0;0.0;0.0;0
30/04/2026;8040016-Emenda Impositiva Loa/2026 Projeto de Lei 087/2025;MUNICIPAL;INDIVIDUAL (FINALIDADE DEFINIDA);CUSTEIO;ANDERSON DOS SANTOS;VALOR A SER UTILIZADO PARA DESENVOLVIMENTO DAS COMPETENCIAS DA PASTA, PODENDO SER UTILIZADO NA COMPRA DE MATERIAIS.;VALOR A SER UTILIZADO PARA DESENVOLVIMENTO DAS COMPETENCIAS DA PASTA, PODENDO SER UTILIZADO NA COMPRA DE MATERIAIS.;3642/2025;50000.0;990.72;0.0;0.0;0
30/04/2026;8040017-Emenda Impositiva Loa/2026 Projeto de Lei 087/2025;MUNICIPAL;INDIVIDUAL (FINALIDADE DEFINIDA);CUSTEIO;ANDERSON DOS SANTOS;VALOR A SER DESTINADO PARA AQUISICAO DE PERSIANAS PARA O CENTRO DE FISIOTERAPIA DO JARDIM CASTELLO.;VALOR A SER DESTINADO PARA AQUISICAO DE PERSIANAS PARA O CENTRO DE FISIOTERAPIA DO JARDIM CASTELLO.;3642/2025;25000.0;0.0;0.0;0.0;0
30/04/2026;8040018-Emenda Impositiva Loa/2026 Projeto de Lei 087/2025;MUNICIPAL;INDIVIDUAL (FINALIDADE DEFINIDA);INVESTIMENTO;ANDERSON DOS SANTOS;VALOR A SER DESTINADO PARA AQUISICAO DE EQUIPAMENTOS DE ULTRASSONOGRAFIA.;VALOR A SER UTILIZADO PARA AQUISICAO DE EQUIPAMENTO DE ULTRASSONOGRAFIA.;3642/2025;100000.0;0.0;0.0;0.0;0
30/04/2026;8040021-Emenda Impositiva Loa/2026 Projeto de Lei 087/2025;MUNICIPAL;INDIVIDUAL (FINALIDADE DEFINIDA);CUSTEIO;JOSE JUCA DE ARAUJO NETO;VALOR DESTINADO A REALIZACAO DE EVENTOS CULTURAIS DURANTE O ANO DE 2026.;VALOR DESTINADO A REALIZACAO DE EVENTOS CULTURAIS DURANTE O ANO DE 2026.;3642/2025;24176.47;9452.4;0.0;0.0;0
30/04/2026;8040023-Emenda Impositiva Loa/2026 Projeto de Lei 087/2025;MUNICIPAL;INDIVIDUAL (FINALIDADE DEFINIDA);CUSTEIO;JOSE JUCA DE ARAUJO NETO;VALOR A SER UTILIZADO PARA REGULARIZACAO FUNDIARIA ANO 2026.;VALOR A SER DESTINADO PARA REGULARIZACAO FUNDIARIA ANO 2026.;3642/2025;230000.0;0.0;0.0;0.0;0
30/04/2026;8040024-Emenda Impositiva Loa/2026 Projeto de Lei 087/2025;MUNICIPAL;INDIVIDUAL (FINALIDADE DEFINIDA);CUSTEIO;MARCOS ANTONIO CASTELLO;VALOR A SER DESTINADO PARA REALIZACAO DA FESTA JULINA DO JARDIM ANCHIETA, CONFORME CALENDARIO OFICIAL DE EVENTOS DO MUNICIPIO, PODENDO SER UTILIZADO PARA CONTRACAO DOS ARTISTAS, ALUGUEL DE TENDAS, PALCOS, BANHEIROS QUIMICOS E EQUIPES DE SOM.;VALOR DESTINADO PARA REALIZACAO DA FESTA JULINA DO JARDIM ANCHIETA, CONFORME CALENDARIO OFICIAL DE EVENTOS DO MUNICIPIO, PODENDO SER UTILIZADO PARA CONTRATACAO DOS ARTISTAS, ALUGUEL DE TENDAS, PALCOS, BANHEIROS QUIMICOS E EQUIPES DE SOM.;3642/2025;40000.0;0.0;0.0;0.0;0
30/04/2026;8040026-Emenda Impositiva Loa/2026 Projeto de Lei 087/2025;MUNICIPAL;INDIVIDUAL (FINALIDADE DEFINIDA);CUSTEIO;MARCOS ANTONIO CASTELLO;palcos, banheiros químicos e equipes de som.valor a ser destinado para realizacao da Festa do Dias das Criancas do Jardim Anchieta, conforme Calendario Oficial de Eventos do Municipio, podendo ser utilizado para contratação dos artistas, aluguel de tendas, palcos, banheiros químicos e equipes de som.;valor a ser destinado para realizacao da Festa do Dias das Criancas do Jardim Anchieta, conforme Calendario Oficial de Eventos do Municipio, podendo ser utilizado para contratacao dos artistas, aluguel de ten  s, palcos, banheiros quimicos e equipes de som.;3642/2025;20000.0;0.0;0.0;0.0;0
30/04/2026;8040031-Emenda Impositiva Loa/2026 Projeto de Lei 087/2025;MUNICIPAL;INDIVIDUAL (FINALIDADE DEFINIDA);CUSTEIO;LUIZ TENORIO DE MELO;VALOR A SER DESTINADO PARA INVESTIMENTO NA FEIRA GASTRONOMICA.;VALOR A SER DESTINADO PARA INVESTIMENTO NA FEIRA GASTRONOMICA.;3642/2025;20000.0;0.0;0.0;0.0;0
30/04/2026;8040033-Emenda Impositiva Loa/2026 Projeto de Lei 087/2025;MUNICIPAL;INDIVIDUAL (FINALIDADE DEFINIDA);INVESTIMENTO;LUIZ TENORIO DE MELO;VALOR A SER DESTINADO PARA TUBULACAO DAS AGUAS FLUVIAIS QUE DESCE NA VIELA TODA EXTENSAO DA RUA JOAO FELIX MUCHEIRONI, JARDIM SAO JOSE.;VALOR A SER DESTINADO PARA TUBULACAO DAS AGUAS FLUVIAIS QUE DESCE NAVIELA TODA EXTENSAO DA RUA JOAO FELIX MUCHEIRONI, JARDIM SAO JOSE.;3642/2025;204176.47;0.0;0.0;0.0;0
30/04/2026;8040034-Emenda Impositiva Loa/2026 Projeto de Lei 087/2025;MUNICIPAL;INDIVIDUAL (FINALIDADE DEFINIDA);CUSTEIO;LUIZ TENORIO DE MELO;VALOR A SER UTILIZADO PARA CONTRATACAO DE EXAMES DE IMAGEM;VALOR A SER UTILIZADO PARA CONTRATACAO DE EXAMES DE IMAGEM.;3642/2025;254176.47;254176.47;0.0;0.0;0
30/04/2026;8040029-Emenda Impositiva Loa/2026 Projeto de Lei 087/2025;MUNICIPAL;INDIVIDUAL (FINALIDADE DEFINIDA);INVESTIMENTO;MARCOS ANTONIO CASTELLO;VALOR A SER DESTINADO PARA CONSTRUCAO DO MURO E TROCA DE PORTOES DA ASSOCIACAO AMIGOS DE BAIRRO DO JARDIM SAO JOAO.;VALOR A SER DESTINADO PARA CONSTRUCAO DO MURO E TROCA DE PORTOES DA ASSOCIACAO AMIGOS DE BAIRRO DO JARDIM SAO JOAO.;3642/2025;100000.0;0.0;0.0;0.0;0
30/04/2026;8040030-Emenda Impositiva Loa/2026 Projeto de Lei 087/2025;MUNICIPAL;INDIVIDUAL (FINALIDADE DEFINIDA);CUSTEIO;MARCOS ANTONIO CASTELLO;VALOR A SER DESTINADO PARA REALIZACAO DO PAISAGISMO TATICO, CONFORME A NECESSIDADE DO MUNICIPIO E DESENVOLVIMENTO SUSTENTAVEL DA CIDADE.;VALOR A SER DESTINADO PARA A REALIZACAO DO PAISAGISMO TATICO, CONFORME A NECESSIDADE DO MUNICIPIO E DESENVOLVIMENTO SUSTENTAVEL DA CIDADE.;3642/2025;59176.47;0.0;0.0;0.0;0
30/04/2026;8040022-Emenda Impositiva Loa/2026 Projeto de Lei 087/2025;MUNICIPAL;INDIVIDUAL (FINALIDADE DEFINIDA);CUSTEIO;JOSE JUCA DE ARAUJO NETO;VALOR DESTINADO PARA CONTRATACAO DE EXAMES DE IMAGENS.;VALOR DESTINADO PARA CONTRATACAO DE EXAMES DE IMAGEM.;3642/2025;254176.47;254176.47;0.0;0.0;0
30/04/2026;8040035-Emenda Impositiva Loa/2026 Projeto de Lei 087/2025;MUNICIPAL;INDIVIDUAL (FINALIDADE DEFINIDA);CUSTEIO;HODIRLEI MARTINS PEREIRA;VALOR DESTINADO A REALIZACAO DA FESTA DA PADROEIRA NA PAROQUIA NOSSA SENHORA DA PAZ, CONFORME CALENDARIO DO MUNICIPIO.;VALOR DESTINADO A REALIZACAO DA FESTA DA PADROEIRA NA PAROQUIA NOSSA SENHORA DA PAZ, CONFORME CALENDARIO DO MUNICIPIO.;3642/2025;20000.0;0.0;0.0;0.0;0
30/04/2026;8040036-Emenda Impositiva Loa/2026 Projeto de Lei 087/2025;MUNICIPAL;INDIVIDUAL (FINALIDADE DEFINIDA);INVESTIMENTO;HODIRLEI MARTINS PEREIRA;VALOR DESTINADO A COMPRA DE COMPUTADORES PARA BIBLIOTECA MUNICIPAL JOSE ANDERE.;VALOR A DESTINADO PARA COMPRA DE COMPUDORES PARA BIBLIOTECA MUNICIPAL JOSE ANDERE.;3642/2025;10000.0;0.0;0.0;0.0;0
30/04/2026;8040037-Emenda Impositiva Loa/2026 Projeto de Lei 087/2025;MUNICIPAL;INDIVIDUAL (FINALIDADE DEFINIDA);CUSTEIO;HODIRLEI MARTINS PEREIRA;VALOR DESTINADO A REALIZACAO DA SEMANA DO EVANGELHO.;VALOR DESTINADO A REALIZACAO DA SEMANA DO EVANGELHO.;3642/2025;10000.0;0.0;0.0;0.0;0
30/04/2026;8040038-Emenda Impositiva Loa/2026 Projeto de Lei 087/2025;MUNICIPAL;INDIVIDUAL (FINALIDADE DEFINIDA);CUSTEIO;HODIRLEI MARTINS PEREIRA;VALOR A SER DESTINADO PARA INVESTIMENTO NA FEIRA GASTRONOMICA.;VALOR A SER DESTINADO PARA INVESTIMENTO NA FEIRA GASTRONIMICA.;3642/2025;15000.0;15000.0;0.0;0.0;0
30/04/2026;8040039-Emenda Impositiva Loa/2026 Projeto de Lei 087/2025;MUNICIPAL;INDIVIDUAL (FINALIDADE DEFINIDA);CUSTEIO;HODIRLEI MARTINS PEREIRA;VALOR DESTINADO A LIGA DAS ESCOLAS DE SAMBA, CONFORME CALENDARIO OFICIAL DO MUNICIPIO.;VALOR DESTINADO A LIGA DAS ESCOLAS DE SAMBA, CONFORME CALENDARIO OFICIAL DO MUNICIPIO.;3642/2025;10000.0;10000.0;0.0;0.0;0
30/04/2026;8040040-Emenda Impositiva Loa/2026 Projeto de Lei 087/2025;MUNICIPAL;INDIVIDUAL (FINALIDADE DEFINIDA);CUSTEIO;HODIRLEI MARTINS PEREIRA;VALOR A SER DESTINADO PARA REALIZACAO DO EVENTO DA SEMANA MUNICIAPAL DE REGGAE, PARA CONTRATACAO DA BANDA TRIBO DE JAH.;VALOR A SER DESTINADO PARA REALIZACAO DO EVENTO DA SEMANA MUNICIPAL DO REGGAE, PARA CONTRATACAO DA BANDA TRIBO DE JAH.;3642/2025;99000.0;60000.0;0.0;0.0;0
30/04/2026;8040042-Emenda Impositiva Loa/2026 Projeto de Lei 087/2025;MUNICIPAL;INDIVIDUAL (FINALIDADE DEFINIDA);CUSTEIO;HODIRLEI MARTINS PEREIRA;REALIZACAO DE EVENTO DO DIA DA FAVELA, ORGANIZACAO, INFRAESTRUTURA QUE SE FACA NECESSARIO PARA REALIZACAO DO EVENTO.;DESTINADO A REALIZACAO DE EVENTO DO DIA DA FAVELA, ORGANIZACAO, INFRAESTRUTURA QUE SE FACA NECESSARIO PARA REALIZACAO DO EVENTO.;3642/2025;15000.0;0.0;0.0;0.0;0
30/04/2026;8040046-Emenda Impositiva Loa/2026 Projeto de Lei 087/2025;MUNICIPAL;INDIVIDUAL (FINALIDADE DEFINIDA);CUSTEIO;HODIRLEI MARTINS PEREIRA;VALOR A SER DESTINADO AO PAISAGISMO TATICO.;VALOR A SER DESTINADO AO PAISAGISMO TATICO.;3642/2025;15176.47;0.0;0.0;0.0;0
30/04/2026;8040047-Emenda Impositiva Loa/2026 Projeto de Lei 087/2025;MUNICIPAL;INDIVIDUAL (FINALIDADE DEFINIDA);CUSTEIO;ANANIAS COELHO NETO;VALOR A SER DESTINADO PARA CONTRATACAO DE EXAMES DE IMAGEM.;VALOR A SER DESTINADO PARA CONTRATACAO DE EXAMES DE IMAGEM.;3642/2025;224176.47;224176.47;0.0;0.0;0
30/04/2026;8040049-Emenda Impositiva Loa/2026 Projeto de Lei 087/2025;MUNICIPAL;INDIVIDUAL (FINALIDADE DEFINIDA);INVESTIMENTO;ALEXANDRO SANTOS ALVES SILVA;VALOR A SER DESTINADO PARA COMPRA DE MATERIAIS PERMANENTES.;VALOR A SER DESTINADO PARA COMPRA DE MATERIAIS PERMANENTES.;3642/2025;44176.47;0.0;0.0;0.0;0
30/04/2026;8040050-Emenda Impositiva Loa/2026 Projeto de Lei 087/2025;MUNICIPAL;INDIVIDUAL (FINALIDADE DEFINIDA);CUSTEIO;ALEXANDRO SANTOS ALVES SILVA;VALOR A SER DESTINADO PARA EXECUCAO DO EVENTO ESCORREGA FERRAZ, CONFORME CALENDARIO DE EVENTOS DO MUNICIPIO.;VALOR A SER DESTINADO PARA EXECUCAO DO EVENTO ESCORREGA FERRAZ, CONFORME CALENDARIO DE EVENTOS DO MUNICIPIO.;3642/2025;30000.0;0.0;0.0;0.0;0
30/04/2026;8040051-Emenda Impositiva Loa/2026 Projeto de Lei 087/2025;MUNICIPAL;INDIVIDUAL (FINALIDADE DEFINIDA);CUSTEIO;ALEXANDRO SANTOS ALVES SILVA;VALOR A SER DESTINADO PARA FORMATURA E CERTIFICACAO DOS BOMBEIROS MIRINS, QUE PARTICIPAREM DO DIA DO BOMBEIRO MIRIM, CONFORME CALENDARIO DE EVENTOS DO MUNICIPIO.;VALOR A SER DESTINADO PARA FORMATURA E CERTICACAO DOS BOMBEIROS MIRINSQUE PARTICIPAREM DO DIA DO BOMBEIRO MIRIM, CONFORME CALENDARIO DE EVENTOS DO MUNICIPIO.;3642/2025;30000.0;0.0;0.0;0.0;0
30/04/2026;8040056-Emenda Impositiva Loa/2026 Projeto de Lei 087/2025;MUNICIPAL;INDIVIDUAL (FINALIDADE DEFINIDA);CUSTEIO;ALEXANDRO SANTOS ALVES SILVA;VALOR DESTINADO A FOMENTO DO RESGATE DAS BRINCADEIRAS ANTIGAS.;VALOR DESTINADO A FOMENTO DO RESGATE DAS BRINCADEIRAS ANTIGAS.;3642/2025;25000.0;25000.0;0.0;0.0;0
30/04/2026;8040053-Emenda Impositiva Loa/2026 Projeto de Lei 087/2025;MUNICIPAL;INDIVIDUAL (FINALIDADE DEFINIDA);CUSTEIO;ALEXANDRO SANTOS ALVES SILVA;VALOR DESTINADO PARA COMPRA DE MATERIAIS ESPORTIVOS.;VALOR DESTINADO PARA COMPRAS DE MATERIAIS ESPORTIVOS.;3642/2025;120000.0;0.0;0.0;0.0;0
30/04/2026;8040057-Emenda Impositiva Loa/2026 Projeto de Lei 087/2025;MUNICIPAL;INDIVIDUAL (FINALIDADE DEFINIDA);CUSTEIO;EWERTON DE LISSA SOUZA;VALOR DESTINADO PARA AQUISICAO DE MATERIAIS ESPORTIVOS.;VALOR DESTINADO PARA AQUISICAO DE MATERIAIS ESPORTIVOS.;3642/2025;0.0;0.0;0.0;0.0;0
30/04/2026;8040058-Emenda Impositiva Loa/2026 Projeto de Lei 087/2025;MUNICIPAL;INDIVIDUAL (FINALIDADE DEFINIDA);CUSTEIO;EWERTON DE LISSA SOUZA;VALOR DESTINdo para custeio e manutencao das atividades da entidade demodo a formentar o atendimento realizado no municipio na area da educacao, entidade beneficiaria ASSOCIACAO BENEFICENTE ANJOS DE OURO CNPJ N22.227.741/0001-42;valor destinado para custeio e manutencao das atividades das entidadesde modo a formentar o atendimento realizado no municipio na area da educacao, entidade beneficiaria ASSOCIACAO BENEFICENTE ANJOS DE OURO CNPJ numero 22.227.741/0001-42;3642/2025;70000.0;0.0;0.0;0.0;0
30/04/2026;8040060-Emenda Impositiva Loa/2026 Projeto de Lei 087/2025;MUNICIPAL;INDIVIDUAL (FINALIDADE DEFINIDA);CUSTEIO;VALTER COSTA FERNANDES;VALOR DESTINADO PARA REALIZACAO DA SEMANA MUNICIPAL DO REGGAE, PARA CONTRATACAO DA BANDA TRIBO DE JAH.;VALOR DESTINADO PARA REALIZACAO DA SEMANA MUNICIPAL DO REGGAE, PARA CONTRATACAO DA BANDA TRIBO DE JAH.;3642/2025;25000.0;25000.0;0.0;0.0;0
30/04/2026;8040061-Emenda Impositiva Loa/2026 Projeto de Lei 087/2025;MUNICIPAL;INDIVIDUAL (FINALIDADE DEFINIDA);CUSTEIO;VALTER COSTA FERNANDES;VALOR DESTINADO PARA REALIZACAO DE EVENTO CULTURAL DE MODA DE VIOLA.;VALOR DESTINADO PARA REALIZACAO DE EVENTO CULTURAL DE MODA DE VIOLA.;3642/2025;30000.0;0.0;0.0;0.0;0
30/04/2026;8040062-Emenda Impositiva Loa/2026 Projeto de Lei 087/2025;MUNICIPAL;INDIVIDUAL (FINALIDADE DEFINIDA);CUSTEIO;VALTER COSTA FERNANDES;VALOR DESTINADO PARA CUSTEAR A AQUISICAO DE MATERIAIS ESPORTIVOS.;VALOR DESTINADO PARA CUSTEAR A AQUISICAO DE MAERIAIS ESPORTIVOS.;3642/2025;75000.0;74840.0;0.0;0.0;0
30/04/2026;8040064-Emenda Impositiva Loa/2026 Projeto de Lei 087/2025;MUNICIPAL;INDIVIDUAL (FINALIDADE DEFINIDA);CUSTEIO;VALTER COSTA FERNANDES;VALOR A SER DESTINADO PARA AQUISICAO DE MASSA ASFALTICA PARA REALIZACAO DE TAPA BURACOS EM VIA PUBLICOS MUNICIPAIS.;VALOR A SER DESTINADO PARA AQUISICAO DE MASSA ASFALTICA PARA REALIZACAO DE TAPA BURACOS EM VIAS PUBLICAS MUNICIPAIS.;3642/2025;100000.0;99840.0;0.0;0.0;0
30/04/2026;8040066-Emenda Impositiva Loa/2026 Projeto de Lei 087/2025;MUNICIPAL;INDIVIDUAL (FINALIDADE DEFINIDA);INVESTIMENTO;DIEGO PINHEIRO DE OLIVEIRA;VALOR A SER UTILIZADO PARA AQUISICAO DE MATERIAIS E INSUMOS PARA O PROJETO CARAVANA DO LAZER - O ESPORTE EM SEU BAIRRO. PARA VIABILIZAR A REALIZACAO DE EVENTOS ESPORTIVOS E LAZER NOS BAIRROS DA CIDADE.;VALOR AS SER UTILIZADO PARA AQUISICAO DE MATERIAS E INSUMOS PARA O PROJETO CARAVANA DO LAZER- O ESPORTE EM SEU BAIRRO. PARA VIABILIZAR A RELALIZACAO DE EVENTOS ESPORTIVOS E LAZER NOS BAIRROS DA CIDADE.;3642/2025;254178.47;91724.5;0.0;0.0;0
30/04/2026;8040068-Emenda Impositiva Loa/2026 Projeto de Lei 087/2025;MUNICIPAL;INDIVIDUAL (FINALIDADE DEFINIDA);CUSTEIO;SELMA FRANCISCA DOS SANTOS;VALOR DESTINADO PARA  CONTRATACAO DE EXAMES DE IMAGEM.;VALOR A SER DESTINADO PARA CONTRATACAO DE EXAMES DE IMAGEM.;3642/2025;100000.0;100000.0;0.0;0.0;0
30/04/2026;8040070-Emenda Impositiva Loa/2026 Projeto de Lei 087/2025;MUNICIPAL;INDIVIDUAL (FINALIDADE DEFINIDA);INVESTIMENTO;SELMA FRANCISCA DOS SANTOS;VALOR A SER DESTINADO PARA COMPRA DE COMPUTADORES.;VALOR A SER DESTINADO PARA COMPRA DE COMPUTADORES.;3642/2026;50000.0;39438.99;0.0;0.0;0
30/04/2026;8040071-Emenda Impositiva Loa/2026 Projeto de Lei 087/2025;MUNICIPAL;INDIVIDUAL (FINALIDADE DEFINIDA);INVESTIMENTO;;VALOR A SER DESTINADO PARA COMPRAS DE CAMERAS DE MONITORAMENTO PARA AS EMEBS- PROFESSORA PRIMOROSA JORGE DO NASCIMENTO- VEREADOR GERALDO DA SILVA- MARIA DA GLORIA DIAS HORVATH E PROFESSORA NURIMAR MARTINS HIAR.;VALOR A SER DESTINADO PARA COMPRAS DE CAMERAS DE MONITORAMENTO PATA ASEMEBS- PROFESSORA PRIMOROSA JORGE DO NASCIMENTO DO NASCIMENTO- VEREADOR GERALDO DA SILVA- MARIA DA GLORIA DIAS HORVATH E PROFESSORA NURIMAR MARTINS HIAR.;3642/2025;51000.0;0.0;0.0;0.0;0
30/04/2026;8040073-Emenda Impositiva Loa/2026 Projeto de Lei 087/2025;MUNICIPAL;INDIVIDUAL (FINALIDADE DEFINIDA);CUSTEIO;SELMA FRANCISCA DOS SANTOS;VALOR A SER DESTINADO PARA REALIZACAO DE INFRAESTRUTURA OU COMPRA DE MATERIAS PARA A GUARDIA MARIA DA PENHA GUARDA CIVIL MUNICIPAL.;VALOR A SER DESTINADO PARA REALIZACAO DE INFRAESTRUTURA OU COMPRA DE MATERIAS PARA A GUARDIA MARIA DA PENHA GUARDA CIVIL MUNICIPAL.;3642/2025;20000.0;0.0;0.0;0.0;0
30/04/2026;8040074-Emenda Impositiva Loa/2026 Projeto de Lei 087/2025;MUNICIPAL;INDIVIDUAL (FINALIDADE DEFINIDA);INVESTIMENTO;SELMA FRANCISCA DOS SANTOS;VALOR DESTINADO PARA COMPRA DE COMPUTADORES DA BIBLIOTECA MUNICIPAL JOSE ANDERE.;VALOR DESTINADO PARA COMPRA DE COMPUTADORES DA BIBLIOTECA MUNICIPAL JOSER ANDERE.;3642/2025;10000.0;0.0;0.0;0.0;0
30/04/2026;8040075-Emenda Impositiva Loa/2026 Projeto de Lei 087/2025;MUNICIPAL;INDIVIDUAL (FINALIDADE DEFINIDA);CUSTEIO;SELMA FRANCISCA DOS SANTOS;VALOR DESRTINADO PARA COMPRA DE MATERIAIS ESPORTIVOS.;VALOR DESTINADO PARA COMPRA DE MATERIAIS ESPORTIVOS.;3642/2025;20000.0;0.0;0.0;0.0;0
30/04/2026;8040076-Emenda Impositiva Loa/2026 Projeto de Lei 087/2025;MUNICIPAL;INDIVIDUAL (FINALIDADE DEFINIDA);CUSTEIO;SELMA FRANCISCA DOS SANTOS;VALOR DESTINADO A CUSTEIO DOS JOGOS REGIONAIS.;VALOR DESTINADO A CUSTEIO DOS JOGOS REGIONAIS.;3642/2025;20000.0;0.0;0.0;0.0;0
30/04/2026;8040077-Emenda Impositiva Loa/2026 Projeto de Lei 087/2025;MUNICIPAL;INDIVIDUAL (FINALIDADE DEFINIDA);CUSTEIO;SELMA FRANCISCA DOS SANTOS;VALOR DESTINADO A REALIZACAO DA SEMANA DO HIP HOP, CONFORME CALENDARIO DE EVENTOS DO MUNICIPIO.;VALOR DESTINADO A REALIZACAO DA SEMANA DO HIP HOP, CONFORME CALENDARIO DE EVENTOS DO MUNICIPIO.;3642/2025;10000.0;0.0;0.0;0.0;0
30/04/2026;8040078-Emenda Impositiva Loa/2026 Projeto de Lei 087/2025;MUNICIPAL;INDIVIDUAL (FINALIDADE DEFINIDA);CUSTEIO;SELMA FRANCISCA DOS SANTOS;VALOR DESTINADO A LIGA DA ESCOLA DE SAMBA, CONFORME CALENDARIO DE EVENTOS DO MUNICIPIO.;VALOR DESTINADO A LIGA DA ESCOLA DE SAMBA, CONFORME CALENDARIO DE EVENTOS DO MUNICIPIO.;3642/2025;10000.0;10000.0;0.0;0.0;0
30/04/2026;8040079-Emenda Impositiva Loa/2026 Projeto de Lei 087/2025;MUNICIPAL;INDIVIDUAL (FINALIDADE DEFINIDA);INVESTIMENTO;SELMA FRANCISCA DOS SANTOS;VALOR DESTINADO PARA CONTRATACAO E COMPRA DE INSTRUMENTOS MUSICAIS PARA O CENTRO DE ARTE E CULTURA.;VALOR DESTINADO PARA CONTRATACAO E COMPRA DE INSTRUMENTOS MUSICAIS PARA O CENTRO DE ARTE E CULTURA.;3642/2025;10000.0;0.0;0.0;0.0;0
30/04/2026;8040083-Emenda Impositiva Loa/2026 Projeto de Lei 087/2025;MUNICIPAL;INDIVIDUAL (FINALIDADE DEFINIDA);CUSTEIO;ELIEL DE SOUZA;VALOR DESTINADO PARA REALIZACAO DA SEMANA JOVEM CRISTAO, CONFORME CALENDARIO DE EVENTOS DO MUNICIPIO.;VALOR DESTINADO PARA A REALICAO DA SEMANA JOVEM CRISTAO CONFORME CALENDARIO DE EVENTOS DO MUNICIPIO.;3642/2025;30000.0;0.0;0.0;0.0;0
30/04/2026;8040090-Emenda Impositiva Loa/2026 Projeto de Lei 087/2025;MUNICIPAL;INDIVIDUAL (FINALIDADE DEFINIDA);CUSTEIO;ELIEL DE SOUZA;VALOR A SER DESTINADO PARA REALIZACAO DO DIA DO ADOLESCENTE, CONFORME CALENDARIO DE EVENTOS DO MUNICIPIO.;VALOR A SER DESTINADO PARA REALIZACAO DO DIA DO ADOLESCENTE, CONFORME CALENDARIO DE EVENTOS DO MUNICIPIO.;3642/2025;70000.0;70000.0;0.0;0.0;0
30/04/2026;8040085-Emenda Impositiva Loa/2026 Projeto de Lei 087/2025;MUNICIPAL;INDIVIDUAL (FINALIDADE DEFINIDA);CUSTEIO;ELIEL DE SOUZA;VALOR A SER DESTNADO PARA REALIZACAO DO DIA DO ADOLESCENTE, CONFORME CALENDARIO DE EVENTOS DO MUNICIPIO.;VALOR A SER DESTINADO PARA REALIZACAO DO DIA DO ADOLESCENTE, CONFORME CALENDARIO DE EVENTOS DO MUNICIPIO.;3642/2025;14176.47;0.0;0.0;0.0;0
30/04/2026;8040087-Emenda Impositiva Loa/2026 Projeto de Lei 087/2025;MUNICIPAL;INDIVIDUAL (FINALIDADE DEFINIDA);INVESTIMENTO;ELIEL DE SOUZA;VALOR A SER DESTINADO PARA PAVIMENTACAO PARCIAL DA ATUAL VIA PUBLICA SEM SAIDA QUE SE INICIA NA RUA ANTONIO RUVOLO ALTURA DO NUMERO 410, LOCALIZADA NO NUCLEO ITAIM.;VALOR A SER DESTINADO PARA PAVIMENTACAO PARCIAL DA ATUAL VIA PUBLICA SEM SAIDA QUE SE INICIA NA RUA ANTONIO RUVOLO ALTURA DO NUMERO 410, LOCALIZADA NO NUCLEO ITAIM.;3642/2025;110000.0;0.0;0.0;0.0;0
30/04/2026;8040089-Emenda Impositiva Loa/2026 Projeto de Lei 087/2025;MUNICIPAL;INDIVIDUAL (FINALIDADE DEFINIDA);CUSTEIO;CLAUDIO ROBERTO SQUIZATO;VALOR A SER DESTINADO PARA O CONTROLE POPULACIONAL DE CAES E GATOS, ´PPOR MEIO DE CASTRACAO, PARA PREVENCAO DE DOENCAS ZOONOTICAS NO MUNICIPIO, EM CONFORMIDADE COM OS OBJETIVOS DA POLITICA NACIONAL DO SUS.;VALOR A SER DESTINADO PARA O CONTROLE POPULACIONAL DE CAES E GATOS, POR ,MEIO DE CASTRACAO, PARA PREVENCAO DE DOENCAS ZOONOTICAS NO MUNICIPIO, EM CONFORMIDADE COM OS OBJETIVOS DA POLITICA NACIONAL DO SUS.;3642/2025;254176.47;0.0;0.0;0.0;0
30/04/2026;8040091-Emenda Impositiva Loa/2026 Projeto de Lei 087/2025;MUNICIPAL;INDIVIDUAL (FINALIDADE DEFINIDA);CUSTEIO;CLAUDIO ROBERTO SQUIZATO;VALOR A SER DESTINADO A REFORMA E GRAFITAGEM DAS PISTAS DE SKATE DO MUNICIPIO.;VALOR A SER DESTINADO A REFORMA E GRAFITAGEM DAS PISTAS DE SKATE DO MUNICIPIO.;3642/2025;14177.47;14176.47;0.0;0.0;0
30/04/2026;8040092-Emenda Impositiva Loa/2026 Projeto de Lei 087/2025;MUNICIPAL;INDIVIDUAL (FINALIDADE DEFINIDA);CUSTEIO;CLAUDIO ROBERTO SQUIZATO;VALOR A SER DESTINADO PARA REALIZACAO DO EVENTO DA SEMAN MUNICIPAL DO REGGAE, CONTRATACAO DA BANDA TRIBO DE JAH.;VALOR A SER DESTINADO PARA REALIZACAO DO EVENTO DA SEMANA MUNICIPAL DO REGGAE, CONTRATACAO DA BANDA TRIBO DE JAH.;3642/2025;50000.0;15853.73;0.0;0.0;0
30/04/2026;8040094-Emenda Impositiva Loa/2026 Projeto de Lei 087/2025;MUNICIPAL;INDIVIDUAL (FINALIDADE DEFINIDA);INVESTIMENTO;DAVID F DOS SANTOS JUNIOR;VALOR A SER DESTINADO PARA AQUISICAO DE VEICULO MODELO HATCH POPULAR,CINCO LUGARES, MODELO DE MOTOR ENTRE1.0 E 1.5, PARA TRANSPORTE DOS PRODFISSIONAIS DA ESTRATEGIA DA SAUDE FAMILIAR, PARA MELHOR CONDICOES DE MOBILIDADE AOS MESMOS.;VALOR A SER DESTINADO PARA AQUISICAO DE VEICULO MODELO HATCH POPULAR, CINCO LUGARES MODELO DE MOTOR ENTRE 1.0 E 1.5, PARA TRANSPORTE DOS PRODISSIONAIS DA ESTRATEGIA DA SAUDE FAMILIAR, PARA MELHOR CONDICOES DE MOBILIDADE AOS MESMOS.;3642/2025;50000.0;0.0;0.0;0.0;0
30/04/2026;8040099-Emenda Impositiva Loa/2026 Projeto de Lei 087/2025;MUNICIPAL;INDIVIDUAL (FINALIDADE DEFINIDA);CUSTEIO;DAVID F DOS SANTOS JUNIOR;VALOR A SER DESTINADO PARA AQUISICAO DE MATERIAIS, EQUIPAMENTOS E INSUMOS PARA O PROGRAMA E- MULT;VALOR A SER DESTINADO PARA AQUISICAO DE MATERIAIS, EQUIPAMENTOSC E ISDINSUMOS PARA O PROGRAMA E-MULT.;3642/2025;25000.0;0.0;0.0;0.0;0
30/04/2026;8040115-Emenda Impositiva Loa/2026 Projeto de Lei 087/2025;MUNICIPAL;INDIVIDUAL (FINALIDADE DEFINIDA);CUSTEIO;RENATO RAMOS DE SOUZA;VALOR A SER UTILIZADO PARA AQUISICAO DE MATERIAIS, EQUIPAMENTOS E INSUMOS PARA O PROGRAMA E-MULT.;VALOR A SER DESTINADO PARA AQUISICAO DE MATERIAIS, E EQUIPAMENTOS E INSUMOS PARA O PROGRAMA E-MULT.;3642/2026;25000.0;0.0;0.0;0.0;0
30/04/2026;8040116-Emenda Impositiva Loa/2026 Projeto de Lei 087/2025;MUNICIPAL;INDIVIDUAL (FINALIDADE DEFINIDA);CUSTEIO;RENATO RAMOS DE SOUZA;VALOR A SER DESTNADO PARA AQUISICAO DE FIGURINO.;VALOR A SER DESTINADO PARA AQUISICAO DE FIGURINO.;3642/2025;10000.0;0.0;0.0;0.0;0
30/04/2026;8040119-Emenda Impositiva Loa/2026 Projeto de Lei 087/2025;MUNICIPAL;INDIVIDUAL (FINALIDADE DEFINIDA);CUSTEIO;RENATO RAMOS DE SOUZA;Reforma e manutencao do espaco onde sao ofertadas as atividades, entidade beneficiaria Comunidade Kolping do Jardim Sao Jose CNPJ n° 54.795.554/0001-51.;Reforma e manutencao do espaco onde sao ofertadas as atividades, entidade beneficiaria Comunidade Kolping do Jardim Sao Jose CNPJ n° 54.795.554/0001-51.;3642/2025;10000.0;0.0;0.0;0.0;0
30/04/2026;8040123-Emenda Impositiva Loa/2026 Projeto de Lei 087/2025;MUNICIPAL;INDIVIDUAL (FINALIDADE DEFINIDA);CUSTEIO;RENATO RAMOS DE SOUZA;MANUTENCAO ENTIDADE BENEFICIARIA INSTITUTO SOCIAL HORIZONTES DO SABER CNPJ N. 02.082.848/0001-32.;MANUTENCAO ENTIDADE BENEFICIARIA INSTITUTO SOCIAL HORIZONTES DO SABER CNPJ N. 02.082.848/0001-32.;3642/2025;10000.0;0.0;0.0;0.0;0
30/04/2026;8040100-Emenda Impositiva Loa/2026 Projeto de Lei 087/2025;MUNICIPAL;INDIVIDUAL (FINALIDADE DEFINIDA);INVESTIMENTO;DAVID F DOS SANTOS JUNIOR;VALOR A SER DESTINADO PARA TELAS E COMPUTADORES PARA CENTRAL DE MONITORAMENTO E SEGURANCA ESCOLAR.;VALOR A SER DESTINADO PARA AQUISICAO DE TELAS E COMPUTADORES PARA CENTRAL DE MONITORAMENTO E SEGURANCA ESCOLAR.;3642/2026;40000.0;0.0;0.0;0.0;0
30/04/2026;8040102-Emenda Impositiva Loa/2026 Projeto de Lei 087/2025;MUNICIPAL;INDIVIDUAL (FINALIDADE DEFINIDA);CUSTEIO;DAVID F DOS SANTOS JUNIOR;VALOR A SER DESTINADO PARA AQUISICAO DE FIGURINO.;VALOR A SER UTILIZADO PARA AQUISICAO DE FIGURINO.;3642/2025;40000.0;0.0;0.0;0.0;0
30/04/2026;8040104-Emenda Impositiva Loa/2026 Projeto de Lei 087/2025;MUNICIPAL;INDIVIDUAL (FINALIDADE DEFINIDA);INVESTIMENTO;DAVID F DOS SANTOS JUNIOR;VALOR A SER DESTINADO PARA AQUISICAO DE VEICULO SUV, VIATURA DESCARECTERIZADA PARA RONDA ESCOLAR.;VALOR A SER DESTINADO PARA AQUISICAO DE VEICULO SUV, VIATURA DESCARACTERIZADA PARA RONDA ESCOLAR.;3642/2025;90000.0;0.0;0.0;0.0;0
30/04/2026;8040124-Emenda Impositiva Loa/2026 Projeto de Lei 087/2025;MUNICIPAL;INDIVIDUAL (FINALIDADE DEFINIDA);INVESTIMENTO;RENATO RAMOS DE SOUZA;VALOR A SER DESTINADO PARA AQUISICAO DE VEICULO VIATURA SUV DESCARACTERIZADA PARA RONDA ESCOLAR.;VALOR A SER DESTINADO PARA AQUISICAO DE VEICULO SUV VIATURA DESCASTERIZADA PAR RONDA ESCOLAR.;3642/2025;20000.0;0.0;0.0;0.0;0
30/04/2026;8040125-Emenda Impositiva Loa/2026 Projeto de Lei 087/2025;MUNICIPAL;INDIVIDUAL (FINALIDADE DEFINIDA);INVESTIMENTO;RENATO RAMOS DE SOUZA;VALOR A SER DESTINADO PARA AQUISICAO DE TELAS E COMPUTADORES PARA CENTRAL DE MONITORAMENTO E SEGURANCA ESCOLAR.;VALOR A SER DESTINADO PARA AQUISICAO DE TELAS E COMPUTADORES PARA A CENTRAL DE MONIRAMENTO E SEGURANCA ESCOLAR.;3642/2025;10000.0;0.0;0.0;0.0;0
30/04/2026;8040107-Emenda Impositiva Loa/2026 Projeto de Lei 087/2025;MUNICIPAL;INDIVIDUAL (FINALIDADE DEFINIDA);CUSTEIO;DAVID F DOS SANTOS JUNIOR;VALOR DESTINADO FOMENTO A PRATICA ESPORTIVA NA MODALIDADE CORRIDA DE RUA EM PROL DAS ENTIDADES QUE PROMOVEM INCLUSAO.;VALOR DESTINADO EM FOMENTO A PRATICA ESPORTIVA;3642/2025;23000.0;0.0;0.0;0.0;0
30/04/2026;8040128-Emenda Impositiva Loa/2026 Projeto de Lei 087/2025;MUNICIPAL;INDIVIDUAL (FINALIDADE DEFINIDA);CUSTEIO;RENATO RAMOS DE SOUZA;VALOR A SER DESTINADO PARA PROGRAMA DE TRANSFERENCIA DE RECURSO FINANCEIRO PARA EMEB ELVINO TEIXEIRA.;VALOR A SER DESTINADO PARA PROGRAMA DE TRANSFERENCIA DE RECURSO FINAMNCEIRO PARA EMEB ELVINO TEIXEIRA.;3642/2025;10000.0;0.0;0.0;0.0;0
30/04/2026;8040109-Emenda Impositiva Loa/2026 Projeto de Lei 087/2025;MUNICIPAL;INDIVIDUAL (FINALIDADE DEFINIDA);CUSTEIO;DAVID F DOS SANTOS JUNIOR;VALOR DESTINADO A FOMENTO A PRATICA ESPORTIVA NA MODALIDADE JUDO.;VALOR DESTINADO A FOMENTO A PRATICA ESPORTIVA NA MODALIDADE JUDO.;3642/2025;10000.0;0.0;0.0;0.0;0
30/04/2026;8040129-Emenda Impositiva Loa/2026 Projeto de Lei 087/2025;MUNICIPAL;INDIVIDUAL (FINALIDADE DEFINIDA);CUSTEIO;RENATO RAMOS DE SOUZA;VALOR A SER UTILIZADO FOMENTO A PRATICA ESPORTIVA NA MODALIDADE JUDO.;VALOR A SER UTILIZADO FOMENTO A PRATICA ESPORTIVA NA MODALIDADE JUDO.;3642/2025;10000.0;0.0;0.0;0.0;0
30/04/2026;8000001-Emenda Parlamentar - Dep. Carlos Zambelli;FEDERAL;INDIVIDUAL (TRANSFERENCIAS ESPECIAIS);CUSTEIO;CARLOS ZARATTINI;Contratacao de empresa especializada em regularizacao fundiaria no municipio de Ferraz de Vasconcelos, nas seguintes localidades: Vila Joana Darc. Bem como a realizacao no Custeio de evento de festa junina da  Vila Mariana do Municipio de Ferraz de Vasconcelos.;13-Cultura / 392-Difusao Cultural                                     16-Habitacao / 482-Habitacao Urbana;ARTIGO 166-A CF;205262.35;25260.34;10738.63;0.0;0
04/05/2026;8010010-Emenda Marcos Damasio 2023.063.51473 DM 64216;ESTADUAL;INDIVIDUAL (FINALIDADE DEFINIDA);INVESTIMENTO;MARCOS DAMASIO;Pavimenta.o, Recapeamento, Guias e Sarjetas;As melhorias propostas no projeto permitirao maior conforto aos municipes em seus deslocamentos, maior integracao territorial, melhoria significativa para a seguranca, a reducao de indice de doencas transmissiveis atraves de meios hidricos durante o periodo chuvoso ou pelo acumulo de poeira verificada durante o periodo seco.;DECRETO ESTADUAL N§ 66.426, DE 2022;0.0;0.0;1000000.0;0.0;0
30/04/2026;8000008-Emenda Parl. Vicentinho 202319970003 Transf. Espec;FEDERAL;INDIVIDUAL (TRANSFERENCIAS ESPECIAIS);INVESTIMENTO;VICENTINHO;Execucao de servico e construcao de infraestrutura urbana.;Execucao de servico e construcao de infraestrutura urbana.;ARTIGO 106-A CF;0.0;0.0;0.0;0.0;0
30/04/2026;8000007-Emenda Parl. Milton Vieira 20232620-4 Transf. Esp.;FEDERAL;INDIVIDUAL (TRANSFERENCIAS ESPECIAIS);INVESTIMENTO;MILTON VIEIRA;Execucao de reformas, drenagem, obras e construcoes em geral, incluindo desobstrucao, manutencao da rede de esgoto e recapeamento asfaltico.;Execucao de reformas, drenagem, obras e construcoes em geral, incluindo desobstrucao, manutencao da rede de esgoto e recapeamento asfaltico.;ARTIGO 166-A CF;0.0;0.0;0.0;0.0;0
04/05/2026;8000014-Emenda Parlamentar N.202337170006 - Marcio Alvino;FEDERAL;INDIVIDUAL (FINALIDADE DEFINIDA);CUSTEIO;MARCIO ALVINO;o incremento de maneira temporaria as transferencias regulares e automaticas financeiras para fins de custeio (GND 3).;o incremento de maneira temporaria as transferencias regulares e automaticas financeiras para fins de custeio (GND 3).;PORTARIA SNAS N. 64, DE 20 DE OUTUBRO DE 2023;0.0;0.0;736.88;0.0;0
30/04/2026;8000020-Emenda Especial 38960001/2023 - Dep. Abou Anni;FEDERAL;INDIVIDUAL (TRANSFERENCIAS ESPECIAIS);INVESTIMENTO;ABOU ANNI;Servicos de reparo, manutencao, adequacao e ampliacao de unidades basicas de saude e aquisicao de computadores.;Servicos de reparo, manutencao, adequacao e ampliacao de unidades basicas de saude e aquisicao de computadores.;ARTIGO 166-A CF;0.0;0.0;0.0;0.0;0
30/04/2026;8000016-Emenda Especial 38960004/2023 Invest. - Abou Anni;FEDERAL;INDIVIDUAL (TRANSFERENCIAS ESPECIAIS);INVESTIMENTO;ABOU ANNI;Aquisicao de material de informatica para a secretaria de saude.;Aquisicao de material de informatica para a secretaria da saude.;ARTIGO 106-A CF;0.0;0.0;0.0;0.0;0
30/04/2026;8000015-Emenda Especial 38960005/2023 - Dep. Abou Anni;FEDERAL;INDIVIDUAL (TRANSFERENCIAS ESPECIAIS);INVESTIMENTO;ABOU ANNI;Aquisicao de computadores, ambulancia e ares condicionados para Secretaria Municipal de Saude.;Aquisicao de computadores, ambulancia e ares condicionados para Secretaria Municipal de Saude.;ARTIGO 106-A CF;0.0;0.0;0.0;0.0;0
30/04/2026;8010002-Emenda Art.175a - Paulo Fiorilo Transf.espec.sgri;ESTADUAL;INDIVIDUAL (TRANSFERENCIAS ESPECIAIS);CUSTEIO;MARCIO NAKASHIMA;TRANSFERENCIA ESPECIAL;28 - ENCARGOS ESPECIAIS;ART. 175-A CONSTITUICAO DO ESTADO DE SAO PAULO;0.0;0.0;336.69;0.0;0
04/05/2026;8010008-Emenda Delegado da Cunha 2024.313.53497 - DM 75228;ESTADUAL;INDIVIDUAL (FINALIDADE DEFINIDA);CUSTEIO;DELEGADO DA CUNHA;Constitui objeto deste Termo de Convenio a transferencia de recursos financeiros de R$ 50.000,00 (cinquenta mil reais), pelo Estado de Sao Paulo, por intermedio da Secretaria da Seguranca Publica, a Prefeitura Municipal de Ferraz de Vasconcelos, CNPJ nº 46.523.197/0001-44, destinados exclusivamente a aquisicao de equipamentos menos letais (kits dispositivos eletricos incapacitante e acessorios e sprays de piperina), com o objetivo de apoiar as atividades institucionais da Guarda Civil Municipal da localidade.;Adequar, otimizar e modernizar a atual infraestrutura dos servicos prestados pela Guarda Civil Municipal nas atividades relacionadas as suas atribuicoes funcionais, para preservacao do patrimonio publico, dando melhores condicoes para que os agentes de seguranca municipal possam propiciar aos cidadaos uma maior sensacao de seguranca, alem de contribuir efetivamente para reducao nos indices de criminalidade nas regioes de atuacao.;DECRETO Nº 69.438, DE 26 DE MARCO DE 2025;0.0;0.0;50000.0;0.0;0
30/04/2026;8000036-Emenda Especial 39050004/2024 - Alencar Santana;FEDERAL;INDIVIDUAL (TRANSFERENCIAS ESPECIAIS);INVESTIMENTO;ALENCAR SANTANA;EXECUCAO DE INFRAESTRUTURA URBANA COM INTERVENCOES DE RECAPEAMENTO ASFALTICO;EXECUCAO DE INFRAESTRUTURA URBANA COM INTERVENCOES DE RECAPEAMENTO ASFALTICO;ARTIGO 166-A CF;0.0;0.0;3107.07;0.0;0
30/04/2026;8000028-Emenda Especial N. 202444680006 - Rodrigo Gambale;FEDERAL;INDIVIDUAL (TRANSFERENCIAS ESPECIAIS);INVESTIMENTO;RODRIGO GAMBALE;Execucao de obras de drenagem, reformas em instalacao publica, servicos de recapeamento asfaltico de infraestrutura urbana e canalizacao de corrego.;Execucao de obras de drenagem, reformas em instalacao publica, servicos de recapeamento asfaltico de infraestrutura urbana e canalizacao de corrego.;ARTIGO 166-A CF;602396.71;602396.71;0.0;0.0;0
04/05/2026;9020005-Emenda Com.esporte - 50060001 - Convenio 962869;FEDERAL;COMISSAO;INVESTIMENTO;RODRIGO GAMBALE;Reforma, ampliacao e modernizacao de Quadra de Esportes no Municipio de Ferraz de Vasconcelos/SP.;Reforma, ampliacao e modernizacao de Quadra de Esportes no Municipio de Ferraz de Vasconcelos/SP.;PORTARIA CONJUNTA MGI/MF/CGU Nº 33;477500.0;433314.64;477500.0;0.0;0
30/04/2026;9000002-Emenda de Comissao da Saude - Portaria 6103/2024;FEDERAL;COMISSAO;INVESTIMENTO;RODRIGO GAMBALE;AQUISICAO DE UNIDADE MOVEL DE SAUDE;AQUISICAO DE UNIDADE MOVEL DE SAUDE;PORTARIA GM/MS 6103/2024;0.01;0.0;15565.81;28976.44;0
30/04/2026;8030001-Emenda Especial - 2025.016.66881 - Caio Franca;ESTADUAL;INDIVIDUAL (TRANSFERENCIAS ESPECIAIS);INVESTIMENTO;CAIO FRANCA;TRANSFERENCIA ESPECIAL - QUADRA NO JARDIM IONE;TRANSFERENCIA ESPECIAL - QUADRA NO JARDIM IONE;;0.0;0.0;0.0;0.0;0
30/04/2026;8030003-Emenda Especial - 2025.035.64968 - Jorge do Carmo;ESTADUAL;INDIVIDUAL (TRANSFERENCIAS ESPECIAIS);INVESTIMENTO;DR. JORGE DO CARMO;EMENDA ESPECIAL - DESTINADA A INVESTIMENTOS;ESPECIAL - INVESTIMENTO;66.426/2022;167958.72;125956.35;0.0;0.0;0
01/06/2026;8010012-Emenda Tenente Coimbra 2025.089.80214 - DM 108387;ESTADUAL;INDIVIDUAL (FINALIDADE DEFINIDA);CUSTEIO;TENENTE COIMBRA;Aquisicao de sensores de monitoramento continuo de glicose destinados a pacientes com Diabetes Mellitus, a partir de 2 anos de idade, usuarios do Sistema Unico de Saude (SUS), para acompanhamento glicemico continuo, qualificacao da assistencia e reducao de complicacoes agudas e cronicas decorrentes da doenca.;Fortalecer a linha de cuidado de 70 pacientes entre 2 e 12 anos com diagnostico de Diabetes Mellitus tipo I no municipio, garantindo o acompanhamento regular de 85% dos pacientes contemplados, por meio do monitoramento continuo da glicemia.;RESOLUCAO SS N. 115, DE 12 DE JUNHO DE 2026;0.0;0.0;500000.0;0.0;0
30/04/2026;8020002-Emenda Especial 202519970007 - Dep. Vicentinho;FEDERAL;INDIVIDUAL (TRANSFERENCIAS ESPECIAIS);CUSTEIO;VICENTINHO;Custear evento do Dia Nacional de Zumbi e da Consciencia Negra, comemorando a morte de Zumbi dos Palmares, lider do Quilombo dos Palmares, em 1695.;13-Cultura / 391-Patrimonio Historico, Artistico e Arqueologico       13-Cultura / 392-Difusao Cultural;ARTIGO 166-A CF;198001.0;198000.0;7108.98;110333.91;0
04/05/2026;8010009-Emenda Fabiana Bolsonaro 2025.259.72042 - DM 91624;ESTADUAL;INDIVIDUAL (FINALIDADE DEFINIDA);INVESTIMENTO;FABIANA BOLSONARO;PROTECAO DE MARGEM DO CORREGO ITAIM COM ADUELA, LOCALIZADO NA RUA BRUNO COSTA, VILA LOANDRA.;Promover o desenvolvimento social e urbano do municipio, em consonancia com as diretrizes estabelecidas na Lei Orcamentaria vigente e em estrita observancia ao disposto no artigo 184 da Lei Federal n§ 14.133/2021, assegurando a adequada aplicacao dos recursos publicos para atender as necessidades coletivas e fomentar a melhoria da qualidade de vida da populacao.;DECRETO ESTADUAL N§ 69.319/2025;0.0;0.0;233909.54;0.0;0
01/06/2026;8010011-Emenda Luciene Cavalcante 2025.312.86827 DM 119581;ESTADUAL;INDIVIDUAL (FINALIDADE DEFINIDA);INVESTIMENTO;PROFESSORA LUCIENE CAVALCANTE;Aquisicao de dois aparelhos de ultrassom para o Centro Integrado de Atencao a Saude da Mulher e o Centro de Especialidades Medicas.;A aquisicao dos equipamentos permitira ampliar significativamente a oferta de exames, reduzir o tempo de espera, qualificar o diagnostico e fortalecer a resolutividade dos servicos proprios do municipio.                                                                             Alem disso, a iniciativa contribuira para a otimizacao dos recursos publicos, com reducao da necessidade de contratacao de servicos externos, promovendo maior eficiencia na gestao do sistema de saude.;RESOLUCAO SS N.115, DE 12 DE JUNHO DE 2026;0.0;0.0;300000.0;0.0;0
30/04/2026;8020001-Emenda Especial 44680002/2025 - Rodrigo Gambale;FEDERAL;INDIVIDUAL (TRANSFERENCIAS ESPECIAIS);INVESTIMENTO;RODRIGO GAMBALE;535 - Pavimentacao;15-Urbanismo / 451-Infraestrutura Urbana;ARTIGO 166-A CF;5247001.0;5246993.63;154784.25;3538550.81;0
30/04/2026;8020003-Emenda Rodrigo Gambale - Conv.09032025-076175;FEDERAL;INDIVIDUAL (TRANSFERENCIAS ESPECIAIS);INVESTIMENTO;RODRIGO GAMBALE;504 - Muro De Arrimo Em Areas Urbanas;O presente Plano de Trabalho tem como objetivo geral executar obras de contencao com a construcao de muros de arrimo em diversos pontos criticos do municipio de Ferraz de Vasconcelos, a fim de garantir a estabilidade de taludes, prevenir deslizamentos de terra, conter processos erosivos e assegurar a integridade de vias publicas, edificacoes e da populacao residente em areas de risco geotecnico elevado.;ARTIGO 166-A CF;1027773.95;0.0;105545.33;2412890.71;0
30/04/2026;8020005-Emenda Alencar Santana - Conven.09032025-2-087929;FEDERAL;INDIVIDUAL (TRANSFERENCIAS ESPECIAIS);INVESTIMENTO;ALENCAR SANTANA;O objeto consiste na aquisicao de veiculo utilitario adequado para a coleta e transporte de residuos solidos urbanos no municipio de Ferraz de Vasconcelos/SP, com o objetivo de aprimorar a logistica de recolhimento, promovendo a limpeza urbana, a preservacao ambiental e a melhoria da qualidade de vida da populacao. O veiculo sera destinado especificamente a coleta de residuos solidos reciclaveis, volumosos e passiveis de triagem, devidamente acondicionados de acordo com as normas tecnicas e ambientais vigentes.;676 - Residuos Solidos: Coleta Seletiva Regular, Logistica E Tratamento;ARTIGO 166-A CF;0.0;0.0;27355.48;625378.44;0
30/04/2026;8020004-Emenda Rodrigo Gambale - Pda 9032025-2-085845/2025;FEDERAL;INDIVIDUAL (TRANSFERENCIAS ESPECIAIS);CUSTEIO;RODRIGO GAMBALE;282 - Custeio Ao Piso Da Atenção Primaria;10-Saude / 301-Atencao Basica;ARTIGO 166-A CF;0.0;0.0;144984.01;3314505.71;0
30/04/2026;9000004-Emenda de Comissao da Saude - Portaria 8412/2025;FEDERAL;COMISSAO;CUSTEIO;RODRIGO GAMBALE;Fortalecer a atencao primaria, ampliando a cobertura da Estrategia Saude da Familia e da Saude Bucal, com vistas a universalizacao do acesso, a abrangencia do cuidado integral, a promocao da saude, a prevencao de doencas e agravos e a reducao de desigualdades de raca/etnia, de genero, regionais e sociais.;Fortalecer a atencao primaria, ampliando a cobertura da Estrategia Saude da Familia e da Saude Bucal, com vistas a universalizacao do acesso, a abrangencia do cuidado integral, a promocao da saude, a prevencao de doencas e agravos e a reducao de desigualdades de raca/etnia, de genero, regionais e sociais.;PORTARIA GM/MS 8412/2025;1620142.61;1620141.61;117665.78;2517376.21;0
30/04/2026;9000003-Emenda de Comissao da Saude - Portaria 8384/2025;FEDERAL;COMISSAO;CUSTEIO;RODRIGO GAMBALE;Ampliar a oferta e o acesso as acoes e servicos da Atencao Especializada, conforme as necessidades de saude da populacao, reduzindo as desigualdades de raca/etnia, de genero, regionais e sociais, e promovendo a integralidade do cuidado.;Ampliar a oferta e o acesso as acoes e servicos da Atencao Especializada, conforme as necessidades de saude da populacao, reduzindo as desigualdades de raca/etnia, de genero, regionais e sociais, e promovendo a integralidade do cuidado.;PORTARIA GM/MS 8384/2025;63001.0;63000.0;3100.41;66331.2;0
30/04/2026;9020004-Emenda de Comisao 50070002 - Rodrigo Gambale;FEDERAL;COMISSAO;INVESTIMENTO;RODRIGO GAMBALE;CONSTRUCAO DE PARQUE LUDICO NO PARQUE MUNICIPAL NOSSO RECANTO DONA ASS;CONSTRUCAO DE PARQUE LUDICO NO PARQUE MUNICIPAL NOSSO RECANTO;ART. 4º DA LC 210/2024;0.01;0.0;0.0;0.0;0
30/04/2026;9020003-Emenda de Comissao da Saude - Portaria 11335/2026;FEDERAL;COMISSAO;CUSTEIO;RODRIGO GAMBALE;INCREMENTO AO PISO DA ATENCAO PRIMARIA;INCREMENTO AO PISO DA ATENCAO PRIMARIA;PORTARIA GM/MS 11335/2026;7000000.0;0.0;0.0;0.0;0
30/04/2026;8000043-Emenda Alex Manente - Portaria Gm/ms 10436;FEDERAL;INDIVIDUAL (FINALIDADE DEFINIDA);CUSTEIO;ALEX MANENTE;INCREMENTO DA MEDIA E ALTA COMPLEXIDADE (MAC);INCREMENTO DA MEDIA E ALTA COMPLEXIDADE (MAC);PORTARIA GM/MS 10436/2026;1500000.01;0.0;1500000.0;1500000.0;0
30/04/2026;8000044-Emenda Alex Manente - Portaria Gm/ms 10498/2026;FEDERAL;INDIVIDUAL (FINALIDADE DEFINIDA);CUSTEIO;ALEX MANENTE;INCREMENTO DA MEDIA E ALTA COMPLEXIDADE (MAC);INCREMENTO DA MEDIA E ALTA COMPLEXIDADE (MAC);PORTARIA GM/MS 10496/2026;500000.01;0.0;500451.29;500451.29;0
30/04/2026;8000039-Emenda Parlamentar N.31350002 Dep Arlindo Chinagli;FEDERAL;INDIVIDUAL (FINALIDADE DEFINIDA);INVESTIMENTO;ARLINDO CHINAGLIA;AQUISICAO DE UNIDADE MOVEL DE SAUDE;AQUISICAO DE UNIDADE MOVEL DE SAUDE;PORTARIA GM/MS 3725/2024;12502.55;12501.54;0.0;0.0;0
30/04/2026;8000022-Portaria Gm/ms 3590/24 - Emenda Alencar Santana Br;FEDERAL;INDIVIDUAL (FINALIDADE DEFINIDA);CUSTEIO;ALENCAR SANTANA;CUSTEIO DA MEDIA E ALTA COMPLEXIDADE (MAC);CUSTEIO DA MEDIA E ALTA COMPLEXIDADE (MAC);PORTARIA GM/MS 3590/2024;34001.0;1796.88;0.0;0.0;0
30/04/2026;8000042-Emenda Felipe Becari - Portaria Gm/ms 10440/2026;FEDERAL;INDIVIDUAL (FINALIDADE DEFINIDA);CUSTEIO;FELIPE BECARI;Fortalecer a atencao primaria, ampliando a cobertura da Estrategia Saude da Familia e da Saude Bucal, com vistas a universalizacao do acesso, a abrangencia do cuidado integral, a promocao da saude, a prevencao de doencas e agravos e a reducao de desigualdades de raca/etnia, de genero, regionais e sociais.;Fortalecer a atencao primaria, ampliando a cobertura da Estrategia Saude da Familia e da Saude Bucal, com vistas a universalizacao do acesso, a abrangencia do cuidado integral, a promocao da saude, a prevencao de doencas e agravos e a reducao de desigualdades de raca/etnia, de genero, regionais e sociais.;PORTARIA GM/MS 10440/2026;1000000.01;0.0;1004603.08;1004603.08;0
04/05/2026;8000045-Emenda Felipe Becari - Portaria Gm/ms 10751/2026;FEDERAL;INDIVIDUAL (FINALIDADE DEFINIDA);CUSTEIO;FELIPE BECARI;INCREMENTO DA MEDIA E ALTA COMPLEXIDADE (MAC);INCREMENTO AO CUSTEIO DE SERVICOS DA ATENCAO ESPECIALIZADA A SAUDE;PORTARIA GM/MS 10.751/2026;0.0;0.0;1000902.57;1000902.57;0
30/04/2026;8000041-Portaria Gm/ms - 9478/25 - Emenda Rodrigo Gambale;FEDERAL;INDIVIDUAL (FINALIDADE DEFINIDA);CUSTEIO;RODRIGO GAMBALE;Fortalecer a atencao primaria, ampliando a cobertura da Estrategia Saude da Familia e da Saude Bucal, com vistas a universalizacao do acesso, a abrangencia do cuidado integral, a promocao da saude, a prevencao de doencas e agravos e a reducao de desigualdades de raca/etnia, de genero, regionais e sociais.;Fortalecer a atencao primaria, ampliando a cobertura da Estrategia Saude da Familia e da Saude Bucal, com vistas a universalizacao do acesso, a abrangencia do cuidado integral, a promocao da saude, a prevencao de doencas e agravos e a reducao de desigualdades de raca/etnia, de genero, regionais e sociais.;PORTARIA GM/MS 9478/2025;1000001.02;1000000.0;1042527.47;1042527.47;0
30/04/2026;8000040-Emenda Rodrigo Gambale - Portaria Gm/ms 6003/2024;FEDERAL;INDIVIDUAL (FINALIDADE DEFINIDA);CUSTEIO;RODRIGO GAMBALE;CUSTEIO AO PISO DA ATENCAO PRIMARIA;CUSTEIO DA APS;GM/MS 6003/2024;1313001.0;1313000.0;47750.85;0.0;0
30/04/2026;8000037-Emenda Especial 44680006/2024 - Rodrigo Gambale;FEDERAL;INDIVIDUAL (TRANSFERENCIAS ESPECIAIS);INVESTIMENTO;RODRIGO GAMBALE;Execucao de obras de drenagem, reformas em instalacao publica, servicos de recapemento asfalatico de infraestrutura urbana e canalizacao de corrego.;Execucao de obras de drenagem, reformas em instalacao publica, servicos de recapeamento asfaltico de infraestrutura urbana e canalizacao de corrego.;ARTIGO 166-A CF;0.0;0.0;55467.85;0.0;0
04/05/2026;9020006-Emenda Com.esporte - 50060001 - Convenio 962866;FEDERAL;INDIVIDUAL (FINALIDADE DEFINIDA);INVESTIMENTO;RODRIGO GAMBALE;Construcao de Quadra de Areia no Municipio de Ferraz de Vasconcelos/SP;Oferecer a populacao infraestrutura esportiva conforme diretrizes de acessibilidade, promovendo educacao e inclusao social por meio de politicas publicas esportivas. Garantir direitos e um futuro prospero, priorizando qualidade de vida, lazer e integracao da comunidade. Realizar torneios e desenvolver as potencialidades desportivas no Municipio.;PORTARIA CONJUNTA MGI/MF/CGU Nº 33, DE 2023;562500.0;493341.9;526260.0;0.0;0
01/06/2026;9020008-Emenda Comissao 50410002 - Portaria Gm/ms 11335/26;FEDERAL;INDIVIDUAL (FINALIDADE DEFINIDA);CUSTEIO;RODRIGO GAMBALE;INCREMENTO AO PISO DA ATENCAO PRIMARIA;Fortalecer as acoes de rastreamento, acompanhamento e controle das condicoes cronicas, com foco em hipertensao arterial e diabetes mellitus, na atencao primaria a saude do municipio de Ferraz de Vasconcelos.;PORTARIA GM/MS N§ 11.335, DE 18 DE MAIO DE 2026;0.0;0.0;0.0;0.0;0
30/04/2026;9000001-Emenda de Comissao da Saude - Portaria 6111/2024;FEDERAL;COMISSAO;INVESTIMENTO;RODRIGO GAMBALE;AQUISICAO DE EQUIPAMENTO E MATERIAL PERMANENTE PARA UNIDADE DE ATENCAO ESPECIALIZADA EM SAUDE;AQUISICAO DE EQUIPAMENTO E MATERIAL PERMANENTE PARA UNIDADE DE ATENCAO ESPECIALIZADA EM SAUDE;PORTARIA GM/MS 6111/2024;0.0;0.0;669.24;6999.92;0
04/05/2026;9020007-Emenda Comissao Cdr - 60110003 - Convenio 954673;FEDERAL;INDIVIDUAL (FINALIDADE DEFINIDA);INVESTIMENTO;VICENTINHO;Pavimentacao e Recapeamento de Vias no Perimetro Urbano do Municipio de Ferraz de Vasconcelos . SP.;Proporcionar melhorias na infraestrutura urbana, no ambito da mobilidade, melhorando o fluxo de trafego, e dando maior eficiencia ao sistema viario municipal, assim como oportunizando o conforto, seguranca e acessibilidade aos usuarios. As vias a serem beneficiadas estao em perimetro urbano.;DECRETO N. 6.170/2007;0.0;0.0;1148754.6;0.0;0
30/04/2026;8031111-Demanda 88839 - Emendas Caio Franca/jorge do Carmo;ESTADUAL;INDIVIDUAL (TRANSFERENCIAS ESPECIAIS);INVESTIMENTO;;CODIGO DE APLICACAO CRIADO PARA LANCAMENTO DE RENDIMENTOS DE CONTA BANCARIA ONDE FOI CREDITADO A DEMANDA 88839, QUE POSSUI AS TRANSFERENCIAS ESPECIAIS: Emenda Especial n. 2025.016.66881 - Caio Franca- Emenda Especial n. 2025.035.64969 - Dr. Jorge do Carmo- Emenda Especial n. 2025.035.64968 - Dr. Jorge do Carmo.;CODIGO DE APLICACAO CRIADO PARA LANCAMENTO DE RENDIMENTOS DE CONTA BANCARIA ONDE FOI CREDITADO A DEMANDA 88839, QUE POSSUI AS TRANSFERENCIAS ESPECIAIS: Emenda Especial n. 2025.016.66881 - Caio Franca- Emenda E pecial n. 2025.035.64969 - Dr. Jorge do Carmo- Emenda Especial n. 2025.035.64968 - Dr. Jorge do Carmo.;ART. 175-A CONSTITUICAO DO ESTADO DE SAO PAULO;0.0;0.0;27337.0;0.0;0
30/04/2026;8021111-Aplicacao Emendas Especiais - C/c 575861256-8;FEDERAL;INDIVIDUAL (TRANSFERENCIAS ESPECIAIS);INVESTIMENTO;DIVERSOS;CODIGO DE APLICACAO CRIADO PARA LANCAMENTO DE RENDIMENTOS DE CONTA BANCARIA ONDE FOI CREDITADO DIVERSAS EMENDAS ESPECIAIS NO ANO DE 2023.;CODIGO DE APLICACAO CRIADO PARA LANCAMENTO DE RENDIMENTOS DE CONTA BANCARIA ONDE FOI CREDITADO DIVERSAS EMENDAS ESPECIAIS NO ANO DE 2023.;ARTIGO 166-A CF;0.0;0.0;108037.79;0.0;0
