ano_exercicio;ds_municipio;codigo_municipio_ibge;ds_orgao;mes_referencia;mes_ref_extenso;tp_despesa;nr_empenho;tp_identificador_despesa;nr_identificador_despesa;ds_despesa;dt_emissao_despesa;vl_despesa;ds_funcao_governo;ds_subfuncao_governo;ds_modalidade_lic;ds_elemento;historico_despesa;contrato
2020;Ferraz de Vasconcelos;3515707;PREFEITURA MUNICIPAL DE FERRAZ DE VASCONCELOS;1;Janeiro;Empenhado; 370-2020;CNPJ - PESSOA JURÍDICA;02679522000197;DATACITY SERVICOS LTDA;02/01/2020;1339058.0;URBANISMO;ADMINISTRAÇÃO GERAL;PREGÃO;33903905 - SERVIÇOS TÉCNICOS PROFISSIONAIS;SERVICO DE MONITORAMENTO E FISCALIZACAO DE TRAFEGO (RADAR) P.A 8847/2019;
2020;Ferraz de Vasconcelos;3515707;PREFEITURA MUNICIPAL DE FERRAZ DE VASCONCELOS;7;Julho;Empenhado; 1735-2020;CNPJ - PESSOA JURÍDICA;02679522000197;DATACITY SERVICOS LTDA;31/07/2020;964993.0;URBANISMO;ADMINISTRAÇÃO GERAL;PREGÃO;33903905 - SERVIÇOS TÉCNICOS PROFISSIONAIS;SERVICO DE MONITORAMENTO E FISCALIZACAO DE TRAFEGO DE VEICULOS (RADAR)-REQ.1640;
2020;Ferraz de Vasconcelos;3515707;PREFEITURA MUNICIPAL DE FERRAZ DE VASCONCELOS;8;Agosto;Empenhado; 1887-2020;CNPJ - PESSOA JURÍDICA;02679522000197;DATACITY SERVICOS LTDA;31/08/2020;13556.8;URBANISMO;ADMINISTRAÇÃO GERAL;PREGÃO;33903905 - SERVIÇOS TÉCNICOS PROFISSIONAIS;SERVICO DE MONITORAMENTO E FISCALIZACAO 4 ADITIVO CONTRATO 161/16 P.A 15826/19;CONTRATO 161/16
2020;Ferraz de Vasconcelos;3515707;PREFEITURA MUNICIPAL DE FERRAZ DE VASCONCELOS;11;Novembro;Empenhado; 2526-2020;CNPJ - PESSOA JURÍDICA;02679522000197;DATACITY SERVICOS LTDA;04/11/2020;268420.5;URBANISMO;SERVIÇOS URBNOS;PREGÃO;33903999 - OUTROS SERVIÇOS DE TERCEIROS - PESSOA JURÍDICA;FORNECIMENTO E INSTALACAO DE LUMINARIAS PUBLICA, CONFORME DEP. COMPRAS N. 2332;
2020;Ferraz de Vasconcelos;3515707;PREFEITURA MUNICIPAL DE FERRAZ DE VASCONCELOS;11;Novembro;Empenhado; 2525-2020;CNPJ - PESSOA JURÍDICA;02679522000197;DATACITY SERVICOS LTDA;04/11/2020;1695711.5;URBANISMO;SERVIÇOS URBNOS;PREGÃO;33903026 - MATERIAL ELÉTRICO E ELETRÔNICO;FORNECIMENTO E INSTALACAO DE LUMINARIAS PUBLICAS, CONFORME DEP. COMPRAS N. 2331;
2020;Ferraz de Vasconcelos;3515707;PREFEITURA MUNICIPAL DE FERRAZ DE VASCONCELOS;12;Dezembro;Empenhado; 3120-2020;CNPJ - PESSOA JURÍDICA;02679522000197;DATACITY SERVICOS LTDA;28/12/2020;447373.25;URBANISMO;ADMINISTRAÇÃO GERAL;PREGÃO;33903905 - SERVIÇOS TÉCNICOS PROFISSIONAIS;SERVICO DE MONITORAMENTO E FISCALIZACAO DE TRAFEGO DE VEICULOS (RADAR);
2021;Ferraz de Vasconcelos;3515707;PREFEITURA MUNICIPAL DE FERRAZ DE VASCONCELOS;1;Janeiro;Empenhado; 708-2021;CNPJ - PESSOA JURÍDICA;02679522000197;DATACITY SERVICOS LTDA;22/01/2021;296664.0;URBANISMO;SERVIÇOS URBNOS;OUTROS/NÃO APLICÁVEL;33909301 - INDENIZAÇÕES;TERMO DE INDENIZACAO - P.A 18.376/2020 - NOTA FISCAL N. 26;
2021;Ferraz de Vasconcelos;3515707;PREFEITURA MUNICIPAL DE FERRAZ DE VASCONCELOS;1;Janeiro;Empenhado; 201-2021;CNPJ - PESSOA JURÍDICA;02679522000197;DATACITY SERVICOS LTDA;12/01/2021;1491763.35;URBANISMO;ADMINISTRAÇÃO GERAL;PREGÃO;33903905 - SERVIÇOS TÉCNICOS PROFISSIONAIS;SERVICO DE MONITORAMENTO DE FISCALIZACAO VIARIA - 6 ADITIVO - PLURIANUAL;
2021;Ferraz de Vasconcelos;3515707;PREFEITURA MUNICIPAL DE FERRAZ DE VASCONCELOS;2;Fevereiro;Empenhado; 1129-2021;CNPJ - PESSOA JURÍDICA;02679522000197;DATACITY SERVICOS LTDA;26/02/2021;37501.2;URBANISMO;ADMINISTRAÇÃO GERAL;OUTROS/NÃO APLICÁVEL;33909301 - INDENIZAÇÕES;TERMO DE AJUTE DE CONTAS - INDENIZACAO - PROCESSO ADM. N. 11/2021;
2021;Ferraz de Vasconcelos;3515707;PREFEITURA MUNICIPAL DE FERRAZ DE VASCONCELOS;2;Fevereiro;Empenhado; 1128-2021;CNPJ - PESSOA JURÍDICA;02679522000197;DATACITY SERVICOS LTDA;26/02/2021;6816.6;URBANISMO;ADMINISTRAÇÃO GERAL;OUTROS/NÃO APLICÁVEL;33909239 - OUTROS SERVIÇOS DE TERCEIROS - PESSOA JURÍDICA;PRESTACAO DE SERVICO - DEA - CONFORME PR OCESSO ADM. N. 11/2021;
2021;Ferraz de Vasconcelos;3515707;PREFEITURA MUNICIPAL DE FERRAZ DE VASCONCELOS;4;Abril;Empenhado; 1802-2021;CNPJ - PESSOA JURÍDICA;02679522000197;DATACITY SERVICOS LTDA;01/04/2021;277898.62;URBANISMO;ADMINISTRAÇÃO GERAL;PREGÃO;33903999 - OUTROS SERVIÇOS DE TERCEIROS - PESSOA JURÍDICA;SERVICO DE MONITORAMENTO E FISCALIZACAO DE TRAFEGO DE VEICULOS (RADAR);
2021;Ferraz de Vasconcelos;3515707;PREFEITURA MUNICIPAL DE FERRAZ DE VASCONCELOS;4;Abril;Empenhado; 1801-2021;CNPJ - PESSOA JURÍDICA;02679522000197;DATACITY SERVICOS LTDA;01/04/2021;48514.28;URBANISMO;ADMINISTRAÇÃO GERAL;PREGÃO;33903999 - OUTROS SERVIÇOS DE TERCEIROS - PESSOA JURÍDICA;SERVICO DE MONITORAMENTO E FISCALIZACAO DE TRAFEGO DE VEICULOS (RADAR);
2021;Ferraz de Vasconcelos;3515707;PREFEITURA MUNICIPAL DE FERRAZ DE VASCONCELOS;4;Abril;Empenhado; 1555-2021;CNPJ - PESSOA JURÍDICA;02679522000197;DATACITY SERVICOS LTDA;01/04/2021;59649.0;URBANISMO;SERVIÇOS URBNOS;OUTROS/NÃO APLICÁVEL;33909301 - INDENIZAÇÕES;TERMO DE INDENIZACAO - P.A 18.376/2020 - SERVICO DE INSTALACAO DA NF. 26;
2021;Ferraz de Vasconcelos;3515707;PREFEITURA MUNICIPAL DE FERRAZ DE VASCONCELOS;4;Abril;Empenhado; 1562-2021;CNPJ - PESSOA JURÍDICA;02679522000197;DATACITY SERVICOS LTDA;01/04/2021;192702.76;URBANISMO;ADMINISTRAÇÃO GERAL;OUTROS/NÃO APLICÁVEL;33909301 - INDENIZAÇÕES;PROCESSO ADM. N. 10/2021 - PROCESSO DE I NDENIZACAO DE CORRECAO MONETARIA;
2021;Ferraz de Vasconcelos;3515707;PREFEITURA MUNICIPAL DE FERRAZ DE VASCONCELOS;6;Junho;Empenhado; 2854-2021;CNPJ - PESSOA JURÍDICA;02679522000197;DATACITY SERVICOS LTDA;23/06/2021;1267393.43;URBANISMO;SERVIÇOS URBNOS;PREGÃO;33903099 - OUTROS MATERIAIS DE CONSUMO;FORNECIMENTO E INSTALACAO DE LUMINARIAS PUBLICAS, CONFORME REQ. 1409, DEP COMPRA;
2021;Ferraz de Vasconcelos;3515707;PREFEITURA MUNICIPAL DE FERRAZ DE VASCONCELOS;6;Junho;Empenhado; 2855-2021;CNPJ - PESSOA JURÍDICA;02679522000197;DATACITY SERVICOS LTDA;23/06/2021;212151.61;URBANISMO;SERVIÇOS URBNOS;PREGÃO;33903999 - OUTROS SERVIÇOS DE TERCEIROS - PESSOA JURÍDICA;FORNECIMENTO E INSTALACAO DE LUMINARIAS PUBLICAS, CONFORME REQ 1410 DEP DE COMPR;
2021;Ferraz de Vasconcelos;3515707;PREFEITURA MUNICIPAL DE FERRAZ DE VASCONCELOS;7;Julho;Empenhado; 3304-2021;CNPJ - PESSOA JURÍDICA;02679522000197;DATACITY SERVICOS LTDA;30/07/2021;1391961.15;URBANISMO;ADMINISTRAÇÃO GERAL;PREGÃO;33903999 - OUTROS SERVIÇOS DE TERCEIROS - PESSOA JURÍDICA;SERVICO DE MONITORAMENTO E FISCALIZACAO DE TRAFEGO, CONFORME DEP. COMPRAS 1574;
2021;Ferraz de Vasconcelos;3515707;PREFEITURA MUNICIPAL DE FERRAZ DE VASCONCELOS;8;Agosto;Empenhado; 3709-2021;CNPJ - PESSOA JURÍDICA;02679522000197;DATACITY SERVICOS LTDA;25/08/2021;19400.0;ASSISTÊNCIA SOCIAL;ASSISTÊNCIA COMUNITÁRIA;PREGÃO;33903999 - OUTROS SERVIÇOS DE TERCEIROS - PESSOA JURÍDICA;SERVICO DE APOIO TECNICO TECNOLOGICO MAN UTENCAO PREVENTIVA E CORRETIVA DA REDE;
2021;Ferraz de Vasconcelos;3515707;PREFEITURA MUNICIPAL DE FERRAZ DE VASCONCELOS;8;Agosto;Empenhado; 3710-2021;CNPJ - PESSOA JURÍDICA;02679522000197;DATACITY SERVICOS LTDA;25/08/2021;19400.0;ASSISTÊNCIA SOCIAL;ASSISTÊNCIA COMUNITÁRIA;PREGÃO;33903999 - OUTROS SERVIÇOS DE TERCEIROS - PESSOA JURÍDICA;SERVICO DE APOIO TECNICO TECNOLOGICO MAN UTENCAO PREVENTIVA E CORRETIVA DA REDE;
2021;Ferraz de Vasconcelos;3515707;PREFEITURA MUNICIPAL DE FERRAZ DE VASCONCELOS;8;Agosto;Empenhado; 3705-2021;CNPJ - PESSOA JURÍDICA;02679522000197;DATACITY SERVICOS LTDA;25/08/2021;19400.0;ADMINISTRAÇÃO;ADMINISTRAÇÃO GERAL;PREGÃO;33903999 - OUTROS SERVIÇOS DE TERCEIROS - PESSOA JURÍDICA;SERVICO DE APOIO TECNICO TECNOLOGICO MAN UTENCAO PREVENTIVA E CORRETIVA DA REDE;
2021;Ferraz de Vasconcelos;3515707;PREFEITURA MUNICIPAL DE FERRAZ DE VASCONCELOS;8;Agosto;Empenhado; 3706-2021;CNPJ - PESSOA JURÍDICA;02679522000197;DATACITY SERVICOS LTDA;25/08/2021;19400.0;SEGURANÇA PÚBLICA;ADMINISTRAÇÃO GERAL;PREGÃO;33903999 - OUTROS SERVIÇOS DE TERCEIROS - PESSOA JURÍDICA;SERVICO DE APOIO TECNICO TECNOLOGICO MAN UTENCAO PREVENTIVA E CORRETIVA DA REDE;
2021;Ferraz de Vasconcelos;3515707;PREFEITURA MUNICIPAL DE FERRAZ DE VASCONCELOS;8;Agosto;Empenhado; 3707-2021;CNPJ - PESSOA JURÍDICA;02679522000197;DATACITY SERVICOS LTDA;25/08/2021;19400.0;URBANISMO;ADMINISTRAÇÃO GERAL;PREGÃO;33903999 - OUTROS SERVIÇOS DE TERCEIROS - PESSOA JURÍDICA;SERVICO DE APOIO TECNICO TECNOLOGICO MAN UTENCAO PREVENTIVA E CORRETIVA DA REDE;
2021;Ferraz de Vasconcelos;3515707;PREFEITURA MUNICIPAL DE FERRAZ DE VASCONCELOS;8;Agosto;Empenhado; 3711-2021;CNPJ - PESSOA JURÍDICA;02679522000197;DATACITY SERVICOS LTDA;25/08/2021;38800.0;SAÚDE;ATENÇÃO BÁSICA;PREGÃO;33913900 - OUTROS SERVIÇOS DE TERCEIROS -  PESSOA JURÍDICA - INTRA-ORÇAMENTÁRIO;SERVICO DE APOIO TECNICO TECNOLOGICO MAN UTENCAO PREVENTIVA E CORRETIVA DA REDE;
2021;Ferraz de Vasconcelos;3515707;PREFEITURA MUNICIPAL DE FERRAZ DE VASCONCELOS;8;Agosto;Empenhado; 3708-2021;CNPJ - PESSOA JURÍDICA;02679522000197;DATACITY SERVICOS LTDA;25/08/2021;252200.0;EDUCAÇÃO;EDUCAÇÃO INFANTIL;PREGÃO;33903999 - OUTROS SERVIÇOS DE TERCEIROS - PESSOA JURÍDICA;SERVICO DE APOIO TECNICO TECNOLOGICO MAN UTENCAO PREVENTIVA E CORRETIVA DA REDE;
2021;Ferraz de Vasconcelos;3515707;PREFEITURA MUNICIPAL DE FERRAZ DE VASCONCELOS;12;Dezembro;Empenhado; 5888-2021;CNPJ - PESSOA JURÍDICA;02679522000197;DATACITY SERVICOS LTDA;30/12/2021;116644.45;ADMINISTRAÇÃO;ADMINISTRAÇÃO GERAL;PREGÃO;33903905 - SERVIÇOS TÉCNICOS PROFISSIONAIS;SERVICO DE APOIO TECNICO TECNOLOGICOS - SALDO PLURIANUAL;
2021;Ferraz de Vasconcelos;3515707;PREFEITURA MUNICIPAL DE FERRAZ DE VASCONCELOS;12;Dezembro;Empenhado; 5889-2021;CNPJ - PESSOA JURÍDICA;02679522000197;DATACITY SERVICOS LTDA;30/12/2021;135076.86;SAÚDE;ATENÇÃO BÁSICA;PREGÃO;33903905 - SERVIÇOS TÉCNICOS PROFISSIONAIS;SERVICO DE APOIO TECNICO TECNOLOGICOS - SALDO PLURIANUAL;
2022;Ferraz de Vasconcelos;3515707;PREFEITURA MUNICIPAL DE FERRAZ DE VASCONCELOS;1;Janeiro;Empenhado; 168-2022;CNPJ - PESSOA JURÍDICA;02679522000197;DATACITY SERVICOS LTDA;03/01/2022;1948745.61;TRANSPORTE;ADMINISTRAÇÃO GERAL;PREGÃO PRESENCIAL;33903999 - OUTROS SERVIÇOS DE TERCEIROS - PESSOA JURÍDICA;SERVICO DE MONITORAMENTO E FISCALIZACAO VIARIA - 9. ADITIVO - VIGENCIA 31/07/22;
2022;Ferraz de Vasconcelos;3515707;PREFEITURA MUNICIPAL DE FERRAZ DE VASCONCELOS;1;Janeiro;Empenhado; 627-2022;CNPJ - PESSOA JURÍDICA;02679522000197;DATACITY SERVICOS LTDA;19/01/2022;681492.0;URBANISMO;SERVIÇOS URBNOS;OUTROS/NÃO APLICÁVEL;33909239 - OUTROS SERVIÇOS DE TERCEIROS - PESSOA JURÍDICA;FORNECIMENTO E INSTALACAO DE LUMINARIA D E LED - P.A 9952/2021 - ART. 37 4320/64;
2022;Ferraz de Vasconcelos;3515707;PREFEITURA MUNICIPAL DE FERRAZ DE VASCONCELOS;2;Fevereiro;Empenhado; 1177-2022;CNPJ - PESSOA JURÍDICA;02679522000197;DATACITY SERVICOS LTDA;25/02/2022;73916.37;ADMINISTRAÇÃO;ADMINISTRAÇÃO GERAL;PREGÃO PRESENCIAL;33903999 - OUTROS SERVIÇOS DE TERCEIROS - PESSOA JURÍDICA;SERVICO DE APOIO TECNICO TECNOLOGICOS - SALDO PLURIANUAL;
2022;Ferraz de Vasconcelos;3515707;PREFEITURA MUNICIPAL DE FERRAZ DE VASCONCELOS;2;Fevereiro;Empenhado; 1175-2022;CNPJ - PESSOA JURÍDICA;02679522000197;DATACITY SERVICOS LTDA;25/02/2022;284523.24;EDUCAÇÃO;EDUCAÇÃO INFANTIL;PREGÃO PRESENCIAL;33903999 - OUTROS SERVIÇOS DE TERCEIROS - PESSOA JURÍDICA;SERVICOS DE APOIO TECNICO TECNOLOGICOS - SALDO PLURIANUAL;
2022;Ferraz de Vasconcelos;3515707;PREFEITURA MUNICIPAL DE FERRAZ DE VASCONCELOS;2;Fevereiro;Empenhado; 1176-2022;CNPJ - PESSOA JURÍDICA;02679522000197;DATACITY SERVICOS LTDA;25/02/2022;71583.86;SAÚDE;ATENÇÃO BÁSICA;PREGÃO PRESENCIAL;33903999 - OUTROS SERVIÇOS DE TERCEIROS - PESSOA JURÍDICA;SERVICO DE APOIO TECNICO TECNOLOGICO - S ALDO PLURIANUAL;
2022;Ferraz de Vasconcelos;3515707;PREFEITURA MUNICIPAL DE FERRAZ DE VASCONCELOS;3;Março;Empenhado; 1559-2022;CNPJ - PESSOA JURÍDICA;02679522000197;DATACITY SERVICOS LTDA;16/03/2022;96013.74;ADMINISTRAÇÃO;ADMINISTRAÇÃO GERAL;OUTROS/NÃO APLICÁVEL;33903999 - OUTROS SERVIÇOS DE TERCEIROS - PESSOA JURÍDICA;SERVICOS DE APOIO TECNICO TECNOLOGICOS - SALDO PLURIANUAL;
2022;Ferraz de Vasconcelos;3515707;PREFEITURA MUNICIPAL DE FERRAZ DE VASCONCELOS;3;Março;Empenhado; 1558-2022;CNPJ - PESSOA JURÍDICA;02679522000197;DATACITY SERVICOS LTDA;16/03/2022;93681.23;SAÚDE;ATENÇÃO BÁSICA;OUTROS/NÃO APLICÁVEL;33903999 - OUTROS SERVIÇOS DE TERCEIROS - PESSOA JURÍDICA;SERVICO DE APOIO TECNICO TECNOLOGICOS - SALDO PLURIANUAL;
2022;Ferraz de Vasconcelos;3515707;PREFEITURA MUNICIPAL DE FERRAZ DE VASCONCELOS;3;Março;Empenhado; 1560-2022;CNPJ - PESSOA JURÍDICA;02679522000197;DATACITY SERVICOS LTDA;16/03/2022;272242.51;EDUCAÇÃO;EDUCAÇÃO INFANTIL;OUTROS/NÃO APLICÁVEL;33903999 - OUTROS SERVIÇOS DE TERCEIROS - PESSOA JURÍDICA;SERVICO DE APOIO TECNICOLOGICOS - SALDO PLURIANUAL;
2022;Ferraz de Vasconcelos;3515707;PREFEITURA MUNICIPAL DE FERRAZ DE VASCONCELOS;8;Agosto;Empenhado; 3976-2022;CNPJ - PESSOA JURÍDICA;02679522000197;DATACITY SERVICOS LTDA;16/08/2022;11127.85;SAÚDE;ADMINISTRAÇÃO GERAL;OUTROS/NÃO APLICÁVEL;33903999 - OUTROS SERVIÇOS DE TERCEIROS - PESSOA JURÍDICA;SERVICO DE APOIO TECNICO TECNOLOGICO - C ONTRATO 189/2021 - REEMPENHO 1177/2022;
2022;Ferraz de Vasconcelos;3515707;PREFEITURA MUNICIPAL DE FERRAZ DE VASCONCELOS;8;Agosto;Empenhado; 4080-2022;CNPJ - PESSOA JURÍDICA;02679522000197;DATACITY SERVICOS LTDA;31/08/2022;1180000.0;TRANSPORTE;ADMINISTRAÇÃO GERAL;PREGÃO PRESENCIAL;33903999 - OUTROS SERVIÇOS DE TERCEIROS - PESSOA JURÍDICA;SERVICO DE MONITORAMENTO E FISCALIZACAO DE TRAFEGO DE VEICULOS (RADAR), REQ 1825;
2022;Ferraz de Vasconcelos;3515707;PREFEITURA MUNICIPAL DE FERRAZ DE VASCONCELOS;8;Agosto;Empenhado; 3613-2022;CNPJ - PESSOA JURÍDICA;02679522000197;DATACITY SERVICOS LTDA;05/08/2022;278392.23;TRANSPORTE;ADMINISTRAÇÃO GERAL;OUTROS/NÃO APLICÁVEL;33903999 - OUTROS SERVIÇOS DE TERCEIROS - PESSOA JURÍDICA;SERVICO DE MONITORAMENTO E FISCALIZACAO VIARIA - REEMPENHO N. 168/2022;
2022;Ferraz de Vasconcelos;3515707;PREFEITURA MUNICIPAL DE FERRAZ DE VASCONCELOS;9;Setembro;Empenhado; 4127-2022;CNPJ - PESSOA JURÍDICA;02679522000197;DATACITY SERVICOS LTDA;02/09/2022;388000.0;ADMINISTRAÇÃO;ADMINISTRAÇÃO GERAL;PREGÃO PRESENCIAL;33903905 - SERVIÇOS TÉCNICOS PROFISSIONAIS;SERVICO DE APOIO TECNICO TECNOLOGICO MAN UTENCAO PREVENTIVA E CORRETIVA DA REDE;
2022;Ferraz de Vasconcelos;3515707;PREFEITURA MUNICIPAL DE FERRAZ DE VASCONCELOS;10;Outubro;Empenhado; 4581-2022;CNPJ - PESSOA JURÍDICA;02679522000197;DATACITY SERVICOS LTDA;10/10/2022;278392.23;TRANSPORTE;ADMINISTRAÇÃO GERAL;OUTROS/NÃO APLICÁVEL;33909301 - INDENIZAÇÕES;P.A 15443/2022 - TERMO DE AJUSTES CONTAS ;
2023;Ferraz de Vasconcelos;3515707;PREFEITURA MUNICIPAL DE FERRAZ DE VASCONCELOS;1;Janeiro;Empenhado; 188-2023;CNPJ - PESSOA JURÍDICA;02679522000197;DATACITY SERVICOS LTDA;02/01/2023;776000.0;ADMINISTRAÇÃO;ADMINISTRAÇÃO GERAL;PREGÃO PRESENCIAL;33903905 - SERVIÇOS TÉCNICOS PROFISSIONAIS;SERVICO DE APOIO TECNICO PROFISSIONAL - CONTRATO N. 189/2021 - VIG. 24/08/2023;CONTRATO N. 189/2021
2023;Ferraz de Vasconcelos;3515707;PREFEITURA MUNICIPAL DE FERRAZ DE VASCONCELOS;1;Janeiro;Empenhado; 173-2023;CNPJ - PESSOA JURÍDICA;02679522000197;DATACITY SERVICOS LTDA;02/01/2023;2360000.0;TRANSPORTE;ADMINISTRAÇÃO GERAL;PREGÃO PRESENCIAL;33903999 - OUTROS SERVIÇOS DE TERCEIROS - PESSOA JURÍDICA;SERVICO DE MONITORAMENTO E FISCALIZACAO VIARIA - CT. 329/2022 - VIG. 30/08/2023;CT. 329/2022
2023;Ferraz de Vasconcelos;3515707;PREFEITURA MUNICIPAL DE FERRAZ DE VASCONCELOS;2;Fevereiro;Empenhado; 984-2023;CNPJ - PESSOA JURÍDICA;02679522000197;DATACITY SERVICOS LTDA;24/02/2023;55687.48;ADMINISTRAÇÃO;ADMINISTRAÇÃO GERAL;OUTROS/NÃO APLICÁVEL;33909239 - OUTROS SERVIÇOS DE TERCEIROS - PESSOA JURÍDICA;SERVICO DE APOIO TECNIO TECNOLOGICO - CO NTRATO ADM. 189/2021 - REEMPENHO 2022;
2023;Ferraz de Vasconcelos;3515707;PREFEITURA MUNICIPAL DE FERRAZ DE VASCONCELOS;5;Maio;Empenhado; 1992-2023;CNPJ - PESSOA JURÍDICA;02679522000197;DATACITY SERVICOS LTDA;08/05/2023;113241.16;ADMINISTRAÇÃO;ADMINISTRAÇÃO GERAL;OUTROS/NÃO APLICÁVEL;33909239 - OUTROS SERVIÇOS DE TERCEIROS - PESSOA JURÍDICA;SERVICO DE APOIO TECNICO TECNOLOGICO MAN UTENCAO PREVENTIVA - REEMPENHO 4127/2022;
2023;Ferraz de Vasconcelos;3515707;PREFEITURA MUNICIPAL DE FERRAZ DE VASCONCELOS;5;Maio;Empenhado; 1993-2023;CNPJ - PESSOA JURÍDICA;02679522000197;DATACITY SERVICOS LTDA;08/05/2023;372840.34;ADMINISTRAÇÃO;ADMINISTRAÇÃO GERAL;OUTROS/NÃO APLICÁVEL;33909239 - OUTROS SERVIÇOS DE TERCEIROS - PESSOA JURÍDICA;SERVICO DE APOIO TECNICO TECNOLOGICO MAN UTENCAO PREVENTIVA - REEMPENHO NOVO CND;
2023;Ferraz de Vasconcelos;3515707;PREFEITURA MUNICIPAL DE FERRAZ DE VASCONCELOS;6;Junho;Empenhado; 2784-2023;CNPJ - PESSOA JURÍDICA;02679522000197;DATACITY SERVICOS LTDA;27/06/2023;279825.6;ADMINISTRAÇÃO;ADMINISTRAÇÃO GERAL;PREGÃO PRESENCIAL;33903905 - SERVIÇOS TÉCNICOS PROFISSIONAIS;SERVICO DE APOIO TECNICO TECNOLOGICO MAN UTENCAO PREVENTIVA E CORRETIVA DA REDE;
2023;Ferraz de Vasconcelos;3515707;PREFEITURA MUNICIPAL DE FERRAZ DE VASCONCELOS;8;Agosto;Empenhado; 3829-2023;CNPJ - PESSOA JURÍDICA;02679522000197;DATACITY SERVICOS LTDA;25/08/2023;626343.6;ADMINISTRAÇÃO;ADMINISTRAÇÃO GERAL;PREGÃO PRESENCIAL;33903905 - SERVIÇOS TÉCNICOS PROFISSIONAIS;SERVICO DE APOIO TECNICO TECNOLOGICO MAN UTENCAO PREVENTIVA E CORRETIVA DA REDE;
2023;Ferraz de Vasconcelos;3515707;PREFEITURA MUNICIPAL DE FERRAZ DE VASCONCELOS;8;Agosto;Empenhado; 3850-2023;CNPJ - PESSOA JURÍDICA;02679522000197;DATACITY SERVICOS LTDA;30/08/2023;1278624.4;TRANSPORTE;ADMINISTRAÇÃO GERAL;PREGÃO PRESENCIAL;33903999 - OUTROS SERVIÇOS DE TERCEIROS - PESSOA JURÍDICA;SERVICO DE MONITORAMENTO E FISCALIZACAO DE TRAFEGO DE VEICULOS (RADAR), REQ 1861;
2023;Ferraz de Vasconcelos;3515707;PREFEITURA MUNICIPAL DE FERRAZ DE VASCONCELOS;12;Dezembro;Empenhado; 5603-2023;CNPJ - PESSOA JURÍDICA;02679522000197;DATACITY SERVICOS LTDA;11/12/2023;20608.49;ADMINISTRAÇÃO;ADMINISTRAÇÃO GERAL;OUTROS/NÃO APLICÁVEL;33909500 - INDENIZAÇÃO PELA EXECUÇÃO DE  TRABALHOS DE CAMPO;SERVICO DE APOIO TECNICO PROFISSIONAL - 1. TA - CONTRATO N. 189/2021;CONTRATO N. 189/2021
2024;Ferraz de Vasconcelos;3515707;PREFEITURA MUNICIPAL DE FERRAZ DE VASCONCELOS;1;Janeiro;Empenhado; 119-2024;CNPJ - PESSOA JURÍDICA;02679522000197;DATACITY SERVICOS LTDA;02/01/2024;2608765.25;TRANSPORTE;ADMINISTRAÇÃO GERAL;PREGÃO PRESENCIAL;33903999 - OUTROS SERVIÇOS DE TERCEIROS - PESSOA JURÍDICA;SERVICO DE MONITORAMENTO E FISCALIZACAO - 1. TA - VIG. 30/08/2024;
2024;Ferraz de Vasconcelos;3515707;PREFEITURA MUNICIPAL DE FERRAZ DE VASCONCELOS;1;Janeiro;Empenhado; 906-2024;CNPJ - PESSOA JURÍDICA;02679522000197;DATACITY SERVICOS LTDA;31/01/2024;209867.78;ADMINISTRAÇÃO;ADMINISTRAÇÃO GERAL;PREGÃO PRESENCIAL;33909239 - OUTROS SERVIÇOS DE TERCEIROS - PESSOA JURÍDICA;SERVICO DE APOIO TECNICO TECNOLOGICO MAN UTENCAO - 3.ADT-VIG.24/08/2024;
2024;Ferraz de Vasconcelos;3515707;PREFEITURA MUNICIPAL DE FERRAZ DE VASCONCELOS;1;Janeiro;Empenhado; 115-2024;CNPJ - PESSOA JURÍDICA;02679522000197;DATACITY SERVICOS LTDA;02/01/2024;876881.13;ADMINISTRAÇÃO;ADMINISTRAÇÃO GERAL;PREGÃO PRESENCIAL;33903905 - SERVIÇOS TÉCNICOS PROFISSIONAIS;SERVICO DE APOIO TECNICO TECNOLOGICO MAN UTENCAO - 3. TA - VIG. 24/08/2024;
2024;Ferraz de Vasconcelos;3515707;PREFEITURA MUNICIPAL DE FERRAZ DE VASCONCELOS;2;Fevereiro;Empenhado; 1069-2024;CNPJ - PESSOA JURÍDICA;02679522000197;DATACITY SERVICOS LTDA;20/02/2024;3900000.0;SEGURANÇA PÚBLICA;ADMINISTRAÇÃO GERAL;PREGÃO ELETRÔNICO;44903900 - OUTROS SERVIÇOS DE TERCEIROS - PESSOA JURÍDICA;SERVICOS DE GERENCIAMENTO E IMPLANTACAO DE SOLUCOES TECNOLOGICAS INTEGRADAS;
2024;Ferraz de Vasconcelos;3515707;PREFEITURA MUNICIPAL DE FERRAZ DE VASCONCELOS;8;Agosto;Empenhado; 5941-2024;CNPJ - PESSOA JURÍDICA;02679522000197;DATACITY SERVICOS LTDA;23/08/2024;523614.48;ADMINISTRAÇÃO;ADMINISTRAÇÃO GERAL;PREGÃO PRESENCIAL;33903905 - SERVIÇOS TÉCNICOS PROFISSIONAIS;SERVICO DE APOIO TECNICO TECNOLOGICO MAN UTENCAO PREVENTIVA E CORRETIVA DA REDE;
2024;Ferraz de Vasconcelos;3515707;PREFEITURA MUNICIPAL DE FERRAZ DE VASCONCELOS;8;Agosto;Empenhado; 6737-2024;CNPJ - PESSOA JURÍDICA;02679522000197;DATACITY SERVICOS LTDA;28/08/2024;1336140.14;TRANSPORTE;ADMINISTRAÇÃO GERAL;PREGÃO PRESENCIAL;33903999 - OUTROS SERVIÇOS DE TERCEIROS - PESSOA JURÍDICA;SERVICO DE MONITORAMENTO E FISCALIZACAO DE TRAFEGO DE VEICULOS (RADAR), 1770/24;
2024;Ferraz de Vasconcelos;3515707;PREFEITURA MUNICIPAL DE FERRAZ DE VASCONCELOS;10;Outubro;Empenhado; 7744-2024;CNPJ - PESSOA JURÍDICA;02679522000197;DATACITY SERVICOS LTDA;08/10/2024;409600.0;TRANSPORTE;ADMINISTRAÇÃO GERAL;PREGÃO PRESENCIAL;33903999 - OUTROS SERVIÇOS DE TERCEIROS - PESSOA JURÍDICA;SERVICO DE MONITORAMENTO E FISCALIZACAO DE TRAFEGO DE VEICULOS REEMP. N. 6737/24;
2024;Ferraz de Vasconcelos;3515707;PREFEITURA MUNICIPAL DE FERRAZ DE VASCONCELOS;11;Novembro;Empenhado; 8846-2024;CNPJ - PESSOA JURÍDICA;02679522000197;DATACITY SERVICOS LTDA;19/11/2024;1669709.28;TRANSPORTE;ADMINISTRAÇÃO GERAL;PREGÃO ELETRÔNICO;33903905 - SERVIÇOS TÉCNICOS PROFISSIONAIS;SERVICOS DE IMPLANTACAO DE SINALIZACAO E MANUTENCAO DO SISTEMA VIARIO, REQ 1036/2;
2025;Ferraz de Vasconcelos;3515707;PREFEITURA MUNICIPAL DE FERRAZ DE VASCONCELOS;1;Janeiro;Empenhado; 186-2025;CNPJ - PESSOA JURÍDICA;02679522000197;DATACITY SERVICOS LTDA;02/01/2025;939003.12;ADMINISTRAÇÃO;ADMINISTRAÇÃO GERAL;PREGÃO PRESENCIAL;33903905 - SERVIÇOS TÉCNICOS PROFISSIONAIS;SERVICO DE APOIO TECNICO TECNOLOGICO MAN UT.PREV CORRETIVA DE REDE VIG:24/08/2025;
2025;Ferraz de Vasconcelos;3515707;PREFEITURA MUNICIPAL DE FERRAZ DE VASCONCELOS;1;Janeiro;Empenhado; 154-2025;CNPJ - PESSOA JURÍDICA;02679522000197;DATACITY SERVICOS LTDA;02/01/2025;2672280.24;TRANSPORTE;ADMINISTRAÇÃO GERAL;PREGÃO PRESENCIAL;33903999 - OUTROS SERVIÇOS DE TERCEIROS - PESSOA JURÍDICA;SERVICO DE MONITORAMENTO E FISCALIZACAO DE TRAFEGO DE VEICULOS (RADAR), 1770/24;
2025;Ferraz de Vasconcelos;3515707;PREFEITURA MUNICIPAL DE FERRAZ DE VASCONCELOS;1;Janeiro;Empenhado; 188-2025;CNPJ - PESSOA JURÍDICA;02679522000197;DATACITY SERVICOS LTDA;02/01/2025;650000.0;SEGURANÇA PÚBLICA;ADMINISTRAÇÃO GERAL;PREGÃO ELETRÔNICO;33903999 - OUTROS SERVIÇOS DE TERCEIROS - PESSOA JURÍDICA;GERENCIAMENTO E IMPLANTACAO DE SOLUCOES TECNOLOGICAS INTEGRADAS VIG:19/02/2025;
2025;Ferraz de Vasconcelos;3515707;PREFEITURA MUNICIPAL DE FERRAZ DE VASCONCELOS;1;Janeiro;Empenhado; 185-2025;CNPJ - PESSOA JURÍDICA;02679522000197;DATACITY SERVICOS LTDA;02/01/2025;187983.24;ADMINISTRAÇÃO;ADMINISTRAÇÃO GERAL;PREGÃO PRESENCIAL;33909299 - OUTRAS DESPESAS DE EXERCÍCIOS ANTERIORES;SERVICO DE APOIO TECNICO TECNOLOGICO MAN UT.PREV CORRETIVA DE REDE VIG:24/08/2025;
2025;Ferraz de Vasconcelos;3515707;PREFEITURA MUNICIPAL DE FERRAZ DE VASCONCELOS;1;Janeiro;Empenhado; 357-2025;CNPJ - PESSOA JURÍDICA;02679522000197;DATACITY SERVICOS LTDA;02/01/2025;100000.0;TRANSPORTE;ADMINISTRAÇÃO GERAL;PREGÃO ELETRÔNICO;33903905 - SERVIÇOS TÉCNICOS PROFISSIONAIS;SERVICOS DE IMPLANTACAO DE SINALIZACAO E MANUTENCAO DO SISTEMA VIARIO, REQ 1036;
2025;Ferraz de Vasconcelos;3515707;PREFEITURA MUNICIPAL DE FERRAZ DE VASCONCELOS;1;Janeiro;Empenhado; 356-2025;CNPJ - PESSOA JURÍDICA;02679522000197;DATACITY SERVICOS LTDA;02/01/2025;353406.59;TRANSPORTE;ADMINISTRAÇÃO GERAL;PREGÃO ELETRÔNICO;33903905 - SERVIÇOS TÉCNICOS PROFISSIONAIS;SERVICOS DE IMPLANTACAO DE SINALIZACAO E MANUTENCAO DO SISTEMA VIARIO, REQ 1036;
2025;Ferraz de Vasconcelos;3515707;PREFEITURA MUNICIPAL DE FERRAZ DE VASCONCELOS;1;Janeiro;Empenhado; 358-2025;CNPJ - PESSOA JURÍDICA;02679522000197;DATACITY SERVICOS LTDA;02/01/2025;2289000.0;TRANSPORTE;ADMINISTRAÇÃO GERAL;PREGÃO ELETRÔNICO;33903905 - SERVIÇOS TÉCNICOS PROFISSIONAIS;SERVICOS DE IMPLANTACAO DE SINALIZACAO E MANUTENCAO DO SISTEMA VIARIO, REQ 1036;
2025;Ferraz de Vasconcelos;3515707;PREFEITURA MUNICIPAL DE FERRAZ DE VASCONCELOS;2;Fevereiro;Empenhado; 1346-2025;CNPJ - PESSOA JURÍDICA;02679522000197;DATACITY SERVICOS LTDA;20/02/2025;1341712.5;SEGURANÇA PÚBLICA;ADMINISTRAÇÃO GERAL;PREGÃO ELETRÔNICO;33903977 - VIGILÂNCIA OSTENSIVA MONITORADA;SERVICOS DE GERENCIAMENTO E IMPLANTACAO DE SOL TECN INTEGRADAS REQ 284/2025;
2025;Ferraz de Vasconcelos;3515707;PREFEITURA MUNICIPAL DE FERRAZ DE VASCONCELOS;2;Fevereiro;Empenhado; 1345-2025;CNPJ - PESSOA JURÍDICA;02679522000197;DATACITY SERVICOS LTDA;20/02/2025;623068.6;SEGURANÇA PÚBLICA;ADMINISTRAÇÃO GERAL;PREGÃO ELETRÔNICO;33903977 - VIGILÂNCIA OSTENSIVA MONITORADA;SERVICOS DE GERENCIAMENTO E IMPLANTACAO DE SOL TECS INTEGRADAS, CONF REQ 284/25;
2025;Ferraz de Vasconcelos;3515707;PREFEITURA MUNICIPAL DE FERRAZ DE VASCONCELOS;2;Fevereiro;Empenhado; 1347-2025;CNPJ - PESSOA JURÍDICA;02679522000197;DATACITY SERVICOS LTDA;20/02/2025;1433414.7;SEGURANÇA PÚBLICA;ADMINISTRAÇÃO GERAL;PREGÃO ELETRÔNICO;33903977 - VIGILÂNCIA OSTENSIVA MONITORADA;SERVICOS DE GERENCIAMENTO E IMPLANTACAO DE SOL TECN INTEGRADAS REQ COMPRAS 284/2;
2025;Ferraz de Vasconcelos;3515707;PREFEITURA MUNICIPAL DE FERRAZ DE VASCONCELOS;4;Abril;Empenhado; 3129-2025;CNPJ - PESSOA JURÍDICA;02679522000197;DATACITY SERVICOS LTDA;24/04/2025;107420.38;ADMINISTRAÇÃO;ADMINISTRAÇÃO GERAL;OUTROS/NÃO APLICÁVEL;33909301 - INDENIZAÇÕES;TERMO DE AJUSTE DE CONTAS CONFORME P.A 2 102/2025 INDENIZACAO;
2025;Ferraz de Vasconcelos;3515707;PREFEITURA MUNICIPAL DE FERRAZ DE VASCONCELOS;8;Agosto;Empenhado; 5457-2025;CNPJ - PESSOA JURÍDICA;02679522000197;DATACITY SERVICOS LTDA;25/08/2025;579042.66;ADMINISTRAÇÃO;ADMINISTRAÇÃO GERAL;PREGÃO PRESENCIAL;33903905 - SERVIÇOS TÉCNICOS PROFISSIONAIS;SERVICO DE APOIO TECNICO TECNOLOGICO MAN UTENCAO PREV E COR DA REDE CONF COM 1382;
2025;Ferraz de Vasconcelos;3515707;PREFEITURA MUNICIPAL DE FERRAZ DE VASCONCELOS;8;Agosto;Empenhado; 5465-2025;CNPJ - PESSOA JURÍDICA;02679522000197;DATACITY SERVICOS LTDA;26/08/2025;1410025.08;TRANSPORTE;ADMINISTRAÇÃO GERAL;PREGÃO PRESENCIAL;33903999 - OUTROS SERVIÇOS DE TERCEIROS - PESSOA JURÍDICA;SERVICO DE MONITORAMENTO E FISCALIZACAO TRAF DE VEIC (RADAR) CONF REQ 1396/25;
2025;Ferraz de Vasconcelos;3515707;PREFEITURA MUNICIPAL DE FERRAZ DE VASCONCELOS;9;Setembro;Empenhado; 5648-2025;CNPJ - PESSOA JURÍDICA;02679522000197;DATACITY SERVICOS LTDA;11/09/2025;148824.25;SEGURANÇA PÚBLICA;ADMINISTRAÇÃO GERAL;PREGÃO ELETRÔNICO;33903977 - VIGILÂNCIA OSTENSIVA MONITORADA;SERVICOS DE GERENCIAMENTO E IMPLANTACAO DE SOL TECN INTEGRADAS - REEMP 1346/2025;
2025;Ferraz de Vasconcelos;3515707;PREFEITURA MUNICIPAL DE FERRAZ DE VASCONCELOS;11;Novembro;Empenhado; 6733-2025;CNPJ - PESSOA JURÍDICA;02679522000197;DATACITY SERVICOS LTDA;19/11/2025;367557.35;TRANSPORTE;ADMINISTRAÇÃO GERAL;PREGÃO ELETRÔNICO;33903905 - SERVIÇOS TÉCNICOS PROFISSIONAIS;SERVICOS DE IMPLANTACAO DE SINALIZACAO E MANUT SIST VIARIO CONF REQ COMPRAS 1954/;
